words,amount_keywords,up_time,keywords_mean,keywords_max,keywords_min,rating_mean,rating_max,rating_min,contentWarning_mean,contentWarning_max,contentWarning_min,romanticCategory_mean,romanticCategory_max,romanticCategory_min
2417,24,172,-0.0006148904,0.1460437,-0.14820866,0.00012365142,0.008554986,-0.0082680145,0.00046170873,0.009046885,-0.008212944,0.0006549831,0.009980517,-0.009774047
227423,21,167,-0.0008017849,0.22557878,-0.23170528,0.00015709833,0.009618826,-0.009603551,0.00046170873,0.009046885,-0.008212944,0.00015709833,0.009618826,-0.009603551
9300,61,201,-0.000538863,0.102557145,-0.1074832,0.00015709833,0.009618826,-0.009603551,0.00046170873,0.009046885,-0.008212944,0.00015709833,0.009618826,-0.009603551
3877,59,100,-0.00036420763,0.09548491,-0.09628635,-0.0003773534,0.008177728,-0.009071283,0.00018749949,0.010641727,-0.012015251,-8.236845e-06,0.009922823,-0.009121787
12660,24,99,-0.00049522496,0.12927882,-0.13197501,-8.236845e-06,0.009922823,-0.009121787,3.5446803e-05,0.013284376,-0.011834501,0.00015709833,0.009618826,-0.009603551
5077,35,96,-0.0007334125,0.18612075,-0.19382529,-0.0003773534,0.008177728,-0.009071283,3.5446803e-05,0.013284376,-0.011834501,0.00015709833,0.009618826,-0.009603551
1138,17,95,-0.0005569287,0.20803134,-0.21288328,0.00015709833,0.009618826,-0.009603551,0.00046170873,0.009046885,-0.008212944,0.00015709833,0.009618826,-0.009603551
7326,25,94,-0.0006921965,0.16024329,-0.16521125,0.00015709833,0.009618826,-0.009603551,3.5446803e-05,0.013284376,-0.011834501,0.00015709833,0.009618826,-0.009603551
7559,72,97,-0.00070834154,0.14018908,-0.1475737,-0.0003773534,0.008177728,-0.009071283,3.5446803e-05,0.013284376,-0.011834501,-8.236845e-06,0.009922823,-0.009121787
1741,29,91,-0.00056375185,0.1829564,-0.1897371,0.00015709833,0.009618826,-0.009603551,0.00046170873,0.009046885,-0.008212944,0.00015709833,0.009618826,-0.009603551
98580,18,194,-0.00087166746,0.15852366,-0.16430816,0.00012365142,0.008554986,-0.0082680145,0.00046170873,0.009046885,-0.008212944,0.00068080006,0.00996485,-0.009883509
2773,24,84,-0.0007605353,0.22888511,-0.23675825,0.00012365142,0.008554986,-0.0082680145,0.00046170873,0.009046885,-0.008212944,0.00015709833,0.009618826,-0.009603551
22732,27,88,-0.0009317119,0.19713539,-0.20465778,0.00012365142,0.008554986,-0.0082680145,0.00018749949,0.010641727,-0.012015251,0.00068080006,0.00996485,-0.009883509
297,6,73,-0.0010371371,0.17440109,-0.18750562,0.00015709833,0.009618826,-0.009603551,3.5446803e-05,0.013284376,-0.011834501,-8.236845e-06,0.009922823,-0.009121787
199884,78,84,-0.0004420066,0.08064795,-0.08458278,-8.236845e-06,0.009922823,-0.009121787,0.00046170873,0.009046885,-0.008212944,0.00015709833,0.009618826,-0.009603551
166027,74,82,-0.00052224996,0.13349488,-0.13788423,-8.236845e-06,0.009922823,-0.009121787,3.5446803e-05,0.013284376,-0.011834501,0.0006549831,0.009980517,-0.009774047
25921,53,36,-0.0006397778,0.15887043,-0.16506726,0.00015709833,0.009618826,-0.009603551,-0.00040125195,0.009424681,-0.009889486,0.00068080006,0.00996485,-0.009883509
27213,39,78,-0.00075752573,0.14770758,-0.15482523,-8.236845e-06,0.009922823,-0.009121787,3.5446803e-05,0.013284376,-0.011834501,0.00015709833,0.009618826,-0.009603551
4367,29,70,-0.00041910843,0.11645899,-0.11799247,0.00039263593,0.008924776,-0.009150031,3.5446803e-05,0.013284376,-0.011834501,0.00068080006,0.00996485,-0.009883509
297,6,73,-0.0010371371,0.17440109,-0.18750562,0.00015709833,0.009618826,-0.009603551,3.5446803e-05,0.013284376,-0.011834501,-8.236845e-06,0.009922823,-0.009121787
3874,30,67,-0.00065605954,0.14343618,-0.14925066,0.00039263593,0.008924776,-0.009150031,3.5446803e-05,0.013284376,-0.011834501,0.00015709833,0.009618826,-0.009603551
4599,47,71,-0.0005568048,0.14590648,-0.15252401,0.00015709833,0.009618826,-0.009603551,3.5446803e-05,0.013284376,-0.011834501,0.00015709833,0.009618826,-0.009603551
15887,39,64,-0.0006790109,0.14908665,-0.15558594,0.00015709833,0.009618826,-0.009603551,3.5446803e-05,0.013284376,-0.011834501,0.00015709833,0.009618826,-0.009603551
5220,22,64,-0.0010097033,0.2097806,-0.21901666,-8.236845e-06,0.009922823,-0.009121787,0.00046170873,0.009046885,-0.008212944,0.00015709833,0.009618826,-0.009603551
36475,36,68,-0.000711126,0.17226286,-0.17665389,0.00012365142,0.008554986,-0.0082680145,0.00046170873,0.009046885,-0.008212944,0.00068080006,0.00996485,-0.009883509
1422,45,64,-0.00079315534,0.18102962,-0.19107142,-8.236845e-06,0.009922823,-0.009121787,0.00046170873,0.009046885,-0.008212944,0.00015709833,0.009618826,-0.009603551
4958,48,68,-0.0008021287,0.18006288,-0.18726271,-0.0003773534,0.008177728,-0.009071283,3.5446803e-05,0.013284376,-0.011834501,0.00015709833,0.009618826,-0.009603551
1203,60,71,-0.00061304145,0.12587728,-0.13294037,0.00039263593,0.008924776,-0.009150031,0.00046170873,0.009046885,-0.008212944,0.00015709833,0.009618826,-0.009603551
655,30,63,-0.0007713095,0.17830826,-0.18657818,0.00012365142,0.008554986,-0.0082680145,0.00046170873,0.009046885,-0.008212944,0.00015709833,0.009618826,-0.009603551
10204,3,71,-0.0006676379,0.22202499,-0.23224352,-8.236845e-06,0.009922823,-0.009121787,0.00046170873,0.009046885,-0.008212944,0.00015709833,0.009618826,-0.009603551
20152,92,71,-0.00033945945,0.08820366,-0.09169247,0.00012365142,0.008554986,-0.0082680145,3.5446803e-05,0.013284376,-0.011834501,0.00015709833,0.009618826,-0.009603551
3181,43,63,-0.0010320263,0.19224615,-0.20288618,0.00012365142,0.008554986,-0.0082680145,0.00046170873,0.009046885,-0.008212944,-8.236845e-06,0.009922823,-0.009121787
58402,42,70,-0.0007253605,0.14775908,-0.15498282,0.00015709833,0.009618826,-0.009603551,0.00046170873,0.009046885,-0.008212944,0.00068080006,0.00996485,-0.009883509
2618,34,70,-0.0007094288,0.23528187,-0.24288282,-0.0003773534,0.008177728,-0.009071283,3.5446803e-05,0.013284376,-0.011834501,0.00015709833,0.009618826,-0.009603551
51079,39,70,-0.0005679578,0.14076304,-0.14651977,-8.236845e-06,0.009922823,-0.009121787,3.5446803e-05,0.013284376,-0.011834501,0.00068080006,0.00996485,-0.009883509
7758,57,62,-0.00078413956,0.19044873,-0.19594596,0.00015709833,0.009618826,-0.009603551,0.00046170873,0.009046885,-0.008212944,0.00015709833,0.009618826,-0.009603551
3142,23,60,-0.00086901424,0.19710883,-0.20128222,-0.0003773534,0.008177728,-0.009071283,3.5446803e-05,0.013284376,-0.011834501,0.00015709833,0.009618826,-0.009603551
1937,9,59,-0.00048468233,0.20785205,-0.21207823,0.00039263593,0.008924776,-0.009150031,0.00046170873,0.009046885,-0.008212944,0.00015709833,0.009618826,-0.009603551
28341,58,55,-0.0005300761,0.10393852,-0.10937864,-8.236845e-06,0.009922823,-0.009121787,0.00018749949,0.010641727,-0.012015251,-8.236845e-06,0.009922823,-0.009121787
2423,117,65,-0.00065227126,0.14558011,-0.15399069,-8.236845e-06,0.009922823,-0.009121787,3.5446803e-05,0.013284376,-0.011834501,0.00068080006,0.00996485,-0.009883509
4051,25,57,-0.00045356006,0.14449693,-0.15119042,0.00039263593,0.008924776,-0.009150031,0.00046170873,0.009046885,-0.008212944,0.00015709833,0.009618826,-0.009603551
26261,23,64,-0.00024460885,0.07016426,-0.07348899,0.00012365142,0.008554986,-0.0082680145,0.00018749949,0.010641727,-0.012015251,0.00068080006,0.00996485,-0.009883509
21112,13,66,-0.0003683856,0.13109829,-0.13076225,-8.236845e-06,0.009922823,-0.009121787,0.0008033614,0.010229348,-0.008849426,0.00068080006,0.00996485,-0.009883509
9328,37,56,-0.00097524916,0.15960222,-0.1694737,0.00015709833,0.009618826,-0.009603551,0.00046170873,0.009046885,-0.008212944,0.00015709833,0.009618826,-0.009603551
195,9,55,-0.0011763999,0.32109886,-0.32902494,-0.0003773534,0.008177728,-0.009071283,3.5446803e-05,0.013284376,-0.011834501,0.00015709833,0.009618826,-0.009603551
4505,45,55,-0.000421605,0.12668298,-0.1302173,-0.0003773534,0.008177728,-0.009071283,0.00046170873,0.009046885,-0.008212944,0.00015709833,0.009618826,-0.009603551
1616,43,62,-0.00082651526,0.22318836,-0.23258005,0.00015709833,0.009618826,-0.009603551,3.5446803e-05,0.013284376,-0.011834501,0.00015709833,0.009618826,-0.009603551
7079,57,55,-0.0006215573,0.13486451,-0.14117011,0.00015709833,0.009618826,-0.009603551,-0.00040125195,0.009424681,-0.009889486,0.00015709833,0.009618826,-0.009603551
542422,28,54,-0.00037291035,0.105144605,-0.10906415,0.00012365142,0.008554986,-0.0082680145,0.00018749949,0.010641727,-0.012015251,0.00068080006,0.00996485,-0.009883509
2117,18,53,-0.0006773885,0.18853903,-0.19659047,0.00039263593,0.008924776,-0.009150031,0.00046170873,0.009046885,-0.008212944,0.00015709833,0.009618826,-0.009603551
28631,29,60,-0.0009879527,0.20007083,-0.20786217,0.00039263593,0.008924776,-0.009150031,3.5446803e-05,0.013284376,-0.011834501,0.00068080006,0.00996485,-0.009883509
3514,74,60,-0.00048611916,0.10289864,-0.109574676,0.00015709833,0.009618826,-0.009603551,0.00018749949,0.010641727,-0.012015251,0.00015709833,0.009618826,-0.009603551
4762,32,192,-0.00050699024,0.13068229,-0.1373122,-8.236845e-06,0.009922823,-0.009121787,0.00046170873,0.009046885,-0.008212944,0.00015709833,0.009618826,-0.009603551
1752,43,52,-0.0005587642,0.14834738,-0.15250099,0.00012365142,0.008554986,-0.0082680145,0.00046170873,0.009046885,-0.008212944,0.00015709833,0.009618826,-0.009603551
11686,38,58,-0.0006699562,0.12130459,-0.12451388,-0.0003773534,0.008177728,-0.009071283,3.5446803e-05,0.013284376,-0.011834501,0.00015709833,0.009618826,-0.009603551
4662,23,51,-0.0007861467,0.21925035,-0.22753319,-0.0003773534,0.008177728,-0.009071283,0.00046170873,0.009046885,-0.008212944,0.00015709833,0.009618826,-0.009603551
37730,64,51,-0.00050842,0.10489135,-0.10916629,0.00015709833,0.009618826,-0.009603551,0.00046170873,0.009046885,-0.008212944,0.00015709833,0.009618826,-0.009603551
35216,34,57,-0.0007589402,0.13538049,-0.13938285,0.00012365142,0.008554986,-0.0082680145,0.00046170873,0.009046885,-0.008212944,0.0006549831,0.009980517,-0.009774047
1916,20,50,-0.00045335956,0.1599035,-0.16643989,0.00015709833,0.009618826,-0.009603551,0.00046170873,0.009046885,-0.008212944,0.00068080006,0.00996485,-0.009883509
3346,30,50,-0.00034203232,0.1388991,-0.14154707,0.00039263593,0.008924776,-0.009150031,0.00046170873,0.009046885,-0.008212944,0.00015709833,0.009618826,-0.009603551
7590,32,51,-0.0007847406,0.1683182,-0.17273292,0.00015709833,0.009618826,-0.009603551,0.00046170873,0.009046885,-0.008212944,0.00015709833,0.009618826,-0.009603551
34847,48,56,-0.00080207497,0.17333025,-0.18237746,-8.236845e-06,0.009922823,-0.009121787,3.5446803e-05,0.013284376,-0.011834501,0.00015709833,0.009618826,-0.009603551
1091,86,49,-0.0003410184,0.093818635,-0.0988899,-8.236845e-06,0.009922823,-0.009121787,3.5446803e-05,0.013284376,-0.011834501,0.00015709833,0.009618826,-0.009603551
8165,108,55,-0.0008005248,0.16606067,-0.17327738,0.00039263593,0.008924776,-0.009150031,0.00046170873,0.009046885,-0.008212944,0.00068080006,0.00996485,-0.009883509
7903,34,48,-0.00044854652,0.12690389,-0.1320906,0.00015709833,0.009618826,-0.009603551,3.5446803e-05,0.013284376,-0.011834501,0.00015709833,0.009618826,-0.009603551
297,6,73,-0.0010371371,0.17440109,-0.18750562,0.00015709833,0.009618826,-0.009603551,3.5446803e-05,0.013284376,-0.011834501,-8.236845e-06,0.009922823,-0.009121787
644,26,49,-0.0005004757,0.12726201,-0.13370708,0.00039263593,0.008924776,-0.009150031,0.00046170873,0.009046885,-0.008212944,0.00068080006,0.00996485,-0.009883509
28033,12,49,-0.00063262775,0.16567123,-0.16789323,0.00012365142,0.008554986,-0.0082680145,0.00046170873,0.009046885,-0.008212944,0.00068080006,0.00996485,-0.009883509
2937,6,56,-0.0009951298,0.22897929,-0.2331438,0.00012365142,0.008554986,-0.0082680145,3.5446803e-05,0.013284376,-0.011834501,0.00015709833,0.009618826,-0.009603551
4830,44,48,-0.0009401779,0.23746963,-0.2458684,0.00015709833,0.009618826,-0.009603551,0.00046170873,0.009046885,-0.008212944,0.00015709833,0.009618826,-0.009603551
207,9,49,-0.00085005135,0.34715426,-0.35021055,0.00039263593,0.008924776,-0.009150031,0.00046170873,0.009046885,-0.008212944,0.00015709833,0.009618826,-0.009603551
8291,57,53,-0.00057494873,0.12991528,-0.13612211,-8.236845e-06,0.009922823,-0.009121787,3.5446803e-05,0.013284376,-0.011834501,0.00015709833,0.009618826,-0.009603551
15251,18,47,-0.0008521803,0.2502847,-0.2603947,-0.0003773534,0.008177728,-0.009071283,0.00046170873,0.009046885,-0.008212944,0.00015709833,0.009618826,-0.009603551
4013,53,47,-0.00087163685,0.21874115,-0.22892256,0.00015709833,0.009618826,-0.009603551,3.5446803e-05,0.013284376,-0.011834501,0.00015709833,0.009618826,-0.009603551
443,7,47,-0.0014091511,0.3689508,-0.37456778,0.00039263593,0.008924776,-0.009150031,0.00046170873,0.009046885,-0.008212944,0.00068080006,0.00996485,-0.009883509
4775,19,47,-0.00057930796,0.20720235,-0.21291594,0.00015709833,0.009618826,-0.009603551,0.00046170873,0.009046885,-0.008212944,0.00015709833,0.009618826,-0.009603551
40090,153,53,-0.0005726609,0.12625924,-0.13132605,-8.236845e-06,0.009922823,-0.009121787,0.00046170873,0.009046885,-0.008212944,-8.236845e-06,0.009922823,-0.009121787
297,6,73,-0.0010371371,0.17440109,-0.18750562,0.00015709833,0.009618826,-0.009603551,3.5446803e-05,0.013284376,-0.011834501,-8.236845e-06,0.009922823,-0.009121787
122,64,46,-0.00035098518,0.10936397,-0.11381989,0.00039263593,0.008924776,-0.009150031,0.00046170873,0.009046885,-0.008212944,0.00015709833,0.009618826,-0.009603551
5900,79,53,-0.0007987837,0.16082898,-0.16947371,-8.236845e-06,0.009922823,-0.009121787,3.5446803e-05,0.013284376,-0.011834501,0.00015709833,0.009618826,-0.009603551
2117,25,47,-0.00067937915,0.15482205,-0.1603519,-0.0003773534,0.008177728,-0.009071283,3.5446803e-05,0.013284376,-0.011834501,0.00068080006,0.00996485,-0.009883509
19193,53,52,-0.00076380366,0.17455693,-0.18126851,0.00015709833,0.009618826,-0.009603551,3.5446803e-05,0.013284376,-0.011834501,0.00068080006,0.00996485,-0.009883509
7461,72,45,-0.0007563302,0.15727422,-0.1636276,0.00015709833,0.009618826,-0.009603551,0.00046170873,0.009046885,-0.008212944,0.00015709833,0.009618826,-0.009603551
5042,31,46,-0.00060877943,0.14393935,-0.15196374,0.00015709833,0.009618826,-0.009603551,0.00046170873,0.009046885,-0.008212944,0.00015709833,0.009618826,-0.009603551
2389,97,45,-0.00062375196,0.14180145,-0.14635561,0.00039263593,0.008924776,-0.009150031,0.00046170873,0.009046885,-0.008212944,0.00068080006,0.00996485,-0.009883509
5368,34,45,-0.0007789012,0.23691374,-0.24892864,0.00012365142,0.008554986,-0.0082680145,3.5446803e-05,0.013284376,-0.011834501,0.00015709833,0.009618826,-0.009603551
9485,20,44,-0.0010739934,0.2631371,-0.27226323,0.00015709833,0.009618826,-0.009603551,0.00046170873,0.009046885,-0.008212944,0.00015709833,0.009618826,-0.009603551
4370,61,51,-0.000760523,0.1827567,-0.1905814,-8.236845e-06,0.009922823,-0.009121787,0.00018749949,0.010641727,-0.012015251,0.00068080006,0.00996485,-0.009883509
8661,36,44,-0.00042808385,0.1074364,-0.11048303,0.00012365142,0.008554986,-0.0082680145,0.00018749949,0.010641727,-0.012015251,-8.236845e-06,0.009922823,-0.009121787
8816,18,44,-0.0006965977,0.2446535,-0.25173524,-8.236845e-06,0.009922823,-0.009121787,3.5446803e-05,0.013284376,-0.011834501,0.00015709833,0.009618826,-0.009603551
4718,38,44,-0.0009593972,0.17846303,-0.1867422,0.00015709833,0.009618826,-0.009603551,0.00046170873,0.009046885,-0.008212944,0.00015709833,0.009618826,-0.009603551
1221,10,51,-0.000634731,0.21188334,-0.21621747,0.00012365142,0.008554986,-0.0082680145,3.5446803e-05,0.013284376,-0.011834501,0.00068080006,0.00996485,-0.009883509
2747,6,45,-0.0005676714,0.2452206,-0.24834639,0.00012365142,0.008554986,-0.0082680145,0.00046170873,0.009046885,-0.008212944,0.00068080006,0.00996485,-0.009883509
6406,26,50,-0.0005313529,0.14543301,-0.15070167,0.00015709833,0.009618826,-0.009603551,3.5446803e-05,0.013284376,-0.011834501,0.00015709833,0.009618826,-0.009603551
1412,45,44,-0.00061051,0.15599638,-0.16216826,0.00012365142,0.008554986,-0.0082680145,3.5446803e-05,0.013284376,-0.011834501,0.00015709833,0.009618826,-0.009603551
1776,18,44,-0.0010124599,0.24026749,-0.24578786,0.00015709833,0.009618826,-0.009603551,0.00046170873,0.009046885,-0.008212944,0.00015709833,0.009618826,-0.009603551
9924,69,51,-0.00045034077,0.1327409,-0.13751936,0.00015709833,0.009618826,-0.009603551,0.00046170873,0.009046885,-0.008212944,0.00068080006,0.00996485,-0.009883509
5649,121,44,-0.0005628438,0.16187072,-0.16950169,0.00015709833,0.009618826,-0.009603551,0.00046170873,0.009046885,-0.008212944,0.00015709833,0.009618826,-0.009603551
2126,39,44,-0.0006882134,0.25270075,-0.26322904,0.00015709833,0.009618826,-0.009603551,0.00046170873,0.009046885,-0.008212944,0.00015709833,0.009618826,-0.009603551
12462,46,43,-0.00037372197,0.09324078,-0.0955521,-8.236845e-06,0.009922823,-0.009121787,0.00046170873,0.009046885,-0.008212944,0.00015709833,0.009618826,-0.009603551
9164,48,43,-0.0007106414,0.13123877,-0.13834438,0.00039263593,0.008924776,-0.009150031,3.5446803e-05,0.013284376,-0.011834501,0.00068080006,0.00996485,-0.009883509
4731,42,43,-0.0007111824,0.16604197,-0.17413169,0.00015709833,0.009618826,-0.009603551,0.00046170873,0.009046885,-0.008212944,0.00015709833,0.009618826,-0.009603551
7032,45,50,-0.0007945393,0.16431014,-0.17059255,0.00012365142,0.008554986,-0.0082680145,0.00018749949,0.010641727,-0.012015251,0.00068080006,0.00996485,-0.009883509
297,6,73,-0.0010371371,0.17440109,-0.18750562,0.00015709833,0.009618826,-0.009603551,3.5446803e-05,0.013284376,-0.011834501,-8.236845e-06,0.009922823,-0.009121787
1704,20,43,-0.000545277,0.15487406,-0.16165975,-0.0003773534,0.008177728,-0.009071283,3.5446803e-05,0.013284376,-0.011834501,0.00015709833,0.009618826,-0.009603551
12957,35,43,-0.00042697456,0.11132285,-0.11635228,-8.236845e-06,0.009922823,-0.009121787,0.00046170873,0.009046885,-0.008212944,0.00015709833,0.009618826,-0.009603551
2278,6,43,-0.00057475525,0.27410677,-0.27872857,0.00012365142,0.008554986,-0.0082680145,0.00046170873,0.009046885,-0.008212944,0.00015709833,0.009618826,-0.009603551
79679,59,43,-0.0007356937,0.13530768,-0.14174017,-8.236845e-06,0.009922823,-0.009121787,3.5446803e-05,0.013284376,-0.011834501,0.00068080006,0.00996485,-0.009883509
46818,17,38,-0.00095408387,0.24472284,-0.24951248,0.00012365142,0.008554986,-0.0082680145,3.5446803e-05,0.013284376,-0.011834501,0.00068080006,0.00996485,-0.009883509
6642,42,43,-0.0006851732,0.19395602,-0.1999507,0.00015709833,0.009618826,-0.009603551,0.00046170873,0.009046885,-0.008212944,0.00015709833,0.009618826,-0.009603551
3010,27,42,-0.00071815134,0.1722112,-0.17919442,0.00015709833,0.009618826,-0.009603551,0.00046170873,0.009046885,-0.008212944,0.00015709833,0.009618826,-0.009603551
4421,43,42,-0.0007106599,0.17288893,-0.17923345,0.00015709833,0.009618826,-0.009603551,0.00046170873,0.009046885,-0.008212944,0.00015709833,0.009618826,-0.009603551
12242,49,49,-0.00048116077,0.1248966,-0.1299938,-8.236845e-06,0.009922823,-0.009121787,0.0008033614,0.010229348,-0.008849426,0.0006549831,0.009980517,-0.009774047
9522,121,41,-0.00055935397,0.13059422,-0.13657624,0.00015709833,0.009618826,-0.009603551,0.00046170873,0.009046885,-0.008212944,0.00015709833,0.009618826,-0.009603551
31918,24,47,-0.0009320256,0.21629198,-0.2277475,-8.236845e-06,0.009922823,-0.009121787,0.00018749949,0.010641727,-0.012015251,0.00015709833,0.009618826,-0.009603551
31718,34,41,-0.0006922712,0.16201782,-0.16958722,0.00012365142,0.008554986,-0.0082680145,0.00046170873,0.009046885,-0.008212944,-8.236845e-06,0.009922823,-0.009121787
297,6,73,-0.0010371371,0.17440109,-0.18750562,0.00015709833,0.009618826,-0.009603551,3.5446803e-05,0.013284376,-0.011834501,-8.236845e-06,0.009922823,-0.009121787
9759,75,40,-0.0008597456,0.20742606,-0.21780935,0.00015709833,0.009618826,-0.009603551,0.00046170873,0.009046885,-0.008212944,0.00015709833,0.009618826,-0.009603551
21340,19,47,-0.00095474464,0.18784945,-0.20124866,0.00012365142,0.008554986,-0.0082680145,0.00046170873,0.009046885,-0.008212944,0.00068080006,0.00996485,-0.009883509
64953,67,40,-0.0006538658,0.13420427,-0.13855533,0.00015709833,0.009618826,-0.009603551,0.00046170873,0.009046885,-0.008212944,0.00015709833,0.009618826,-0.009603551
15962,11,40,-0.00096347946,0.25523677,-0.2688355,0.00015709833,0.009618826,-0.009603551,0.00046170873,0.009046885,-0.008212944,0.00068080006,0.00996485,-0.009883509
687,23,40,-0.00063115306,0.16585341,-0.16961566,0.00012365142,0.008554986,-0.0082680145,0.00046170873,0.009046885,-0.008212944,0.00015709833,0.009618826,-0.009603551
1185,33,39,-0.0009354867,0.23872694,-0.24514647,0.00039263593,0.008924776,-0.009150031,0.00046170873,0.009046885,-0.008212944,0.00015709833,0.009618826,-0.009603551
721,111,45,-0.00030786285,0.07920552,-0.08257102,0.00012365142,0.008554986,-0.0082680145,0.00018749949,0.010641727,-0.012015251,-8.236845e-06,0.009922823,-0.009121787
89503,39,39,-0.0006944569,0.13653989,-0.14092278,-8.236845e-06,0.009922823,-0.009121787,3.5446803e-05,0.013284376,-0.011834501,0.00068080006,0.00996485,-0.009883509
1478,13,42,-0.00087178446,0.20834674,-0.21725042,-8.236845e-06,0.009922823,-0.009121787,3.5446803e-05,0.013284376,-0.011834501,0.00015709833,0.009618826,-0.009603551
60836,29,38,-0.00076771236,0.14249039,-0.1464527,0.00015709833,0.009618826,-0.009603551,0.00018749949,0.010641727,-0.012015251,0.00015709833,0.009618826,-0.009603551
4933,108,38,-0.0007437606,0.1929492,-0.20307983,-0.0003773534,0.008177728,-0.009071283,0.00046170873,0.009046885,-0.008212944,0.00015709833,0.009618826,-0.009603551
174727,38,45,-0.00086029596,0.17806123,-0.18452121,0.00039263593,0.008924776,-0.009150031,0.00046170873,0.009046885,-0.008212944,0.00068080006,0.00996485,-0.009883509
23186,49,38,-0.00072359433,0.10550708,-0.109896794,0.00015709833,0.009618826,-0.009603551,0.00046170873,0.009046885,-0.008212944,0.00015709833,0.009618826,-0.009603551
16063,30,38,-0.0006500289,0.1578412,-0.16464028,0.00015709833,0.009618826,-0.009603551,0.00046170873,0.009046885,-0.008212944,0.00068080006,0.00996485,-0.009883509
2039,14,38,-0.0004929,0.19062474,-0.19341764,0.00012365142,0.008554986,-0.0082680145,0.00046170873,0.009046885,-0.008212944,0.00015709833,0.009618826,-0.009603551
1277,30,39,-0.0005789685,0.15275022,-0.15638845,0.00012365142,0.008554986,-0.0082680145,0.00046170873,0.009046885,-0.008212944,0.00015709833,0.009618826,-0.009603551
54990,8,45,-0.0008383201,0.21962498,-0.22787197,0.00015709833,0.009618826,-0.009603551,-0.00040125195,0.009424681,-0.009889486,-8.236845e-06,0.009922823,-0.009121787
7389,44,37,-0.00076139957,0.15876514,-0.16504174,0.00015709833,0.009618826,-0.009603551,0.00046170873,0.009046885,-0.008212944,0.00015709833,0.009618826,-0.009603551
2624,82,43,-0.000831967,0.23562403,-0.24870905,-0.0003773534,0.008177728,-0.009071283,0.00046170873,0.009046885,-0.008212944,0.00015709833,0.009618826,-0.009603551
8270,72,36,-0.0007881671,0.20109358,-0.21155837,0.00015709833,0.009618826,-0.009603551,0.00046170873,0.009046885,-0.008212944,0.00015709833,0.009618826,-0.009603551
9126,28,35,-0.00058389385,0.18964264,-0.19885252,0.00015709833,0.009618826,-0.009603551,3.5446803e-05,0.013284376,-0.011834501,0.00015709833,0.009618826,-0.009603551
5000,33,36,-0.00062870304,0.16663204,-0.1733505,-0.0003773534,0.008177728,-0.009071283,0.0014004526,0.009977593,-0.00980994,0.00015709833,0.009618826,-0.009603551
248264,106,34,-0.0006572904,0.13405734,-0.14017875,0.00012365142,0.008554986,-0.0082680145,0.00046170873,0.009046885,-0.008212944,0.00068080006,0.00996485,-0.009883509
95905,70,35,-0.0005454071,0.12684077,-0.13208021,0.00015709833,0.009618826,-0.009603551,3.5446803e-05,0.013284376,-0.011834501,0.00068080006,0.00996485,-0.009883509
2254,59,180,-0.0006174447,0.1194537,-0.12612891,-8.236845e-06,0.009922823,-0.009121787,-0.00040125195,0.009424681,-0.009889486,0.00068080006,0.00996485,-0.009883509
4760,43,35,-0.0009863392,0.24577531,-0.25710207,0.00015709833,0.009618826,-0.009603551,3.5446803e-05,0.013284376,-0.011834501,0.00015709833,0.009618826,-0.009603551
6175,50,34,-0.0008629561,0.22059391,-0.22921827,0.00015709833,0.009618826,-0.009603551,0.00046170873,0.009046885,-0.008212944,0.00015709833,0.009618826,-0.009603551
297,6,73,-0.0010371371,0.17440109,-0.18750562,0.00015709833,0.009618826,-0.009603551,3.5446803e-05,0.013284376,-0.011834501,-8.236845e-06,0.009922823,-0.009121787
297,6,73,-0.0010371371,0.17440109,-0.18750562,0.00015709833,0.009618826,-0.009603551,3.5446803e-05,0.013284376,-0.011834501,-8.236845e-06,0.009922823,-0.009121787
3885,56,38,-0.0009039835,0.23496321,-0.24821635,0.00012365142,0.008554986,-0.0082680145,3.5446803e-05,0.013284376,-0.011834501,0.00015709833,0.009618826,-0.009603551
9517,75,38,-0.00096673635,0.22847684,-0.23642921,-8.236845e-06,0.009922823,-0.009121787,3.5446803e-05,0.013284376,-0.011834501,0.00015709833,0.009618826,-0.009603551
1898,168,38,-0.0008732908,0.23585215,-0.24790539,-8.236845e-06,0.009922823,-0.009121787,3.5446803e-05,0.013284376,-0.011834501,0.00015709833,0.009618826,-0.009603551
6634,42,32,-0.0008313102,0.16414942,-0.17118223,0.00012365142,0.008554986,-0.0082680145,0.00046170873,0.009046885,-0.008212944,0.00015709833,0.009618826,-0.009603551
324,72,38,-0.0005542266,0.15738647,-0.16641673,-0.0003773534,0.008177728,-0.009071283,0.00046170873,0.009046885,-0.008212944,0.00068080006,0.00996485,-0.009883509
7473,86,31,-0.0007081207,0.17131972,-0.18088889,-0.0003773534,0.008177728,-0.009071283,0.00046170873,0.009046885,-0.008212944,0.00015709833,0.009618826,-0.009603551
45721,86,30,-0.000745658,0.13566251,-0.14267689,0.00015709833,0.009618826,-0.009603551,0.00046170873,0.009046885,-0.008212944,0.00015709833,0.009618826,-0.009603551
4314,10,39,-0.0005544328,0.20880373,-0.21493836,0.00012365142,0.008554986,-0.0082680145,0.00046170873,0.009046885,-0.008212944,0.00068080006,0.00996485,-0.009883509
9860,67,28,-0.0009716107,0.16975851,-0.17751679,0.00012365142,0.008554986,-0.0082680145,0.0008033614,0.010229348,-0.008849426,0.00068080006,0.00996485,-0.009883509
97190,195,26,-0.00043273708,0.09441853,-0.098242894,-8.236845e-06,0.009922823,-0.009121787,0.00018749949,0.010641727,-0.012015251,-8.236845e-06,0.009922823,-0.009121787
178747,59,23,-0.0005616168,0.14215864,-0.14792436,0.00012365142,0.008554986,-0.0082680145,0.00018749949,0.010641727,-0.012015251,-8.236845e-06,0.009922823,-0.009121787
79,60,29,-0.0008076169,0.1488612,-0.15608947,-8.236845e-06,0.009922823,-0.009121787,0.00046170873,0.009046885,-0.008212944,0.00015709833,0.009618826,-0.009603551
297,6,73,-0.0010371371,0.17440109,-0.18750562,0.00015709833,0.009618826,-0.009603551,3.5446803e-05,0.013284376,-0.011834501,-8.236845e-06,0.009922823,-0.009121787
332,47,28,-0.0007540538,0.14557163,-0.15350012,-8.236845e-06,0.009922823,-0.009121787,0.0008033614,0.010229348,-0.008849426,0.00068080006,0.00996485,-0.009883509
154188,134,25,-0.0007725932,0.18043795,-0.1901822,-8.236845e-06,0.009922823,-0.009121787,0.00046170873,0.009046885,-0.008212944,0.00015709833,0.009618826,-0.009603551
1760,22,23,-0.00070835376,0.22701238,-0.23594403,0.00012365142,0.008554986,-0.0082680145,0.00046170873,0.009046885,-0.008212944,0.00015709833,0.009618826,-0.009603551
941,15,28,-0.0009874228,0.3202444,-0.3312703,-0.0003773534,0.008177728,-0.009071283,3.5446803e-05,0.013284376,-0.011834501,0.00015709833,0.009618826,-0.009603551
4024,18,23,-0.0008113232,0.18577279,-0.19234955,0.00039263593,0.008924776,-0.009150031,0.00046170873,0.009046885,-0.008212944,0.00015709833,0.009618826,-0.009603551
6300,29,22,-0.00054805493,0.1693227,-0.17700405,0.00015709833,0.009618826,-0.009603551,0.00046170873,0.009046885,-0.008212944,0.00015709833,0.009618826,-0.009603551
4088,91,22,-0.00042831321,0.10603338,-0.11175879,0.00039263593,0.008924776,-0.009150031,0.00046170873,0.009046885,-0.008212944,0.00015709833,0.009618826,-0.009603551
5611,23,22,-0.0005399976,0.15341866,-0.15671313,0.00015709833,0.009618826,-0.009603551,3.5446803e-05,0.013284376,-0.011834501,-8.236845e-06,0.009922823,-0.009121787
9354,58,21,-0.000886308,0.24089861,-0.2543296,0.00015709833,0.009618826,-0.009603551,0.00046170873,0.009046885,-0.008212944,0.00015709833,0.009618826,-0.009603551
2560,22,21,-0.0006855579,0.216109,-0.22209872,0.00015709833,0.009618826,-0.009603551,0.00046170873,0.009046885,-0.008212944,0.00015709833,0.009618826,-0.009603551
1809,30,21,-0.0007186865,0.23707362,-0.24350385,0.00015709833,0.009618826,-0.009603551,0.00046170873,0.009046885,-0.008212944,0.00015709833,0.009618826,-0.009603551
6505,41,20,-0.0006519534,0.16715515,-0.17398874,0.00015709833,0.009618826,-0.009603551,0.00046170873,0.009046885,-0.008212944,0.00068080006,0.00996485,-0.009883509
2265,26,20,-0.00086287333,0.24059881,-0.24994652,-8.236845e-06,0.009922823,-0.009121787,0.00046170873,0.009046885,-0.008212944,0.00015709833,0.009618826,-0.009603551
933,35,25,-0.0006730972,0.2025011,-0.2113813,0.00015709833,0.009618826,-0.009603551,0.0008033614,0.010229348,-0.008849426,0.00015709833,0.009618826,-0.009603551
6945,105,24,-0.0009710413,0.21540846,-0.2286348,0.00015709833,0.009618826,-0.009603551,3.5446803e-05,0.013284376,-0.011834501,0.00015709833,0.009618826,-0.009603551
6730,51,24,-0.0006928526,0.12837459,-0.13327771,0.00012365142,0.008554986,-0.0082680145,0.00018749949,0.010641727,-0.012015251,0.00015709833,0.009618826,-0.009603551
297,6,73,-0.0010371371,0.17440109,-0.18750562,0.00015709833,0.009618826,-0.009603551,3.5446803e-05,0.013284376,-0.011834501,-8.236845e-06,0.009922823,-0.009121787
45946,78,18,-0.0005382509,0.11877279,-0.12354048,-0.0003773534,0.008177728,-0.009071283,3.5446803e-05,0.013284376,-0.011834501,0.00015709833,0.009618826,-0.009603551
7694,36,19,-0.00064113387,0.16968234,-0.173096,0.00015709833,0.009618826,-0.009603551,0.00046170873,0.009046885,-0.008212944,0.00015709833,0.009618826,-0.009603551
2262,16,19,-0.0011271553,0.3238332,-0.34043422,0.00012365142,0.008554986,-0.0082680145,0.00046170873,0.009046885,-0.008212944,0.00015709833,0.009618826,-0.009603551
2541,28,19,-0.0010105538,0.2797669,-0.29326084,-8.236845e-06,0.009922823,-0.009121787,3.5446803e-05,0.013284376,-0.011834501,0.00015709833,0.009618826,-0.009603551
3641,43,24,-0.0007203495,0.16884612,-0.17355971,0.00012365142,0.008554986,-0.0082680145,3.5446803e-05,0.013284376,-0.011834501,0.00015709833,0.009618826,-0.009603551
2211,85,23,-0.0009367955,0.24538866,-0.25924036,-0.0003773534,0.008177728,-0.009071283,3.5446803e-05,0.013284376,-0.011834501,0.00015709833,0.009618826,-0.009603551
8619,85,18,-0.0005852992,0.14403848,-0.15001391,0.00015709833,0.009618826,-0.009603551,0.00046170873,0.009046885,-0.008212944,0.00015709833,0.009618826,-0.009603551
7172,29,18,-0.0008479282,0.24866205,-0.25915194,0.00015709833,0.009618826,-0.009603551,0.00046170873,0.009046885,-0.008212944,0.00015709833,0.009618826,-0.009603551
5755,102,23,-0.0006126594,0.14203262,-0.14865385,-8.236845e-06,0.009922823,-0.009121787,3.5446803e-05,0.013284376,-0.011834501,0.00015709833,0.009618826,-0.009603551
15011,25,18,-0.0005117298,0.112419255,-0.11713414,-8.236845e-06,0.009922823,-0.009121787,0.00018749949,0.010641727,-0.012015251,0.00068080006,0.00996485,-0.009883509
4049,59,23,-0.00096592144,0.2435989,-0.25631678,0.00015709833,0.009618826,-0.009603551,3.5446803e-05,0.013284376,-0.011834501,0.00015709833,0.009618826,-0.009603551
9052,60,23,-0.0005844805,0.18024302,-0.18833834,-8.236845e-06,0.009922823,-0.009121787,3.5446803e-05,0.013284376,-0.011834501,0.00015709833,0.009618826,-0.009603551
5558,43,23,-0.0010313063,0.25029644,-0.25956768,-8.236845e-06,0.009922823,-0.009121787,3.5446803e-05,0.013284376,-0.011834501,0.00015709833,0.009618826,-0.009603551
4211,27,18,-0.0009114179,0.22920951,-0.24039467,-8.236845e-06,0.009922823,-0.009121787,3.5446803e-05,0.013284376,-0.011834501,0.00015709833,0.009618826,-0.009603551
7022,47,18,-0.00063141546,0.17058872,-0.17959008,0.00015709833,0.009618826,-0.009603551,0.00018749949,0.010641727,-0.012015251,0.00015709833,0.009618826,-0.009603551
3538,16,18,-0.00086389144,0.25270087,-0.2596612,0.00015709833,0.009618826,-0.009603551,-0.00040125195,0.009424681,-0.009889486,0.00015709833,0.009618826,-0.009603551
8712,43,22,-0.0007826793,0.18946551,-0.1947721,0.00015709833,0.009618826,-0.009603551,0.00046170873,0.009046885,-0.008212944,0.00015709833,0.009618826,-0.009603551
30564,81,21,-0.00038601164,0.08293154,-0.086681314,0.00012365142,0.008554986,-0.0082680145,0.00046170873,0.009046885,-0.008212944,-0.00018733664,0.009979125,-0.009724812
8256,7,22,-0.00090557366,0.24486811,-0.25379092,0.00012365142,0.008554986,-0.0082680145,3.5446803e-05,0.013284376,-0.011834501,0.00015709833,0.009618826,-0.009603551
6455,47,16,-0.0005222181,0.16062157,-0.1681926,-8.236845e-06,0.009922823,-0.009121787,3.5446803e-05,0.013284376,-0.011834501,0.00015709833,0.009618826,-0.009603551
2566,153,16,-0.00071880897,0.20341428,-0.21300766,0.00012365142,0.008554986,-0.0082680145,0.00046170873,0.009046885,-0.008212944,0.00015709833,0.009618826,-0.009603551
4724,35,16,-0.00094812555,0.23296656,-0.245452,0.00012365142,0.008554986,-0.0082680145,0.00046170873,0.009046885,-0.008212944,0.00015709833,0.009618826,-0.009603551
3224,139,21,-0.0008179002,0.23017606,-0.24471837,0.00015709833,0.009618826,-0.009603551,3.5446803e-05,0.013284376,-0.011834501,0.0006549831,0.009980517,-0.009774047
18720,39,15,-0.0005213007,0.12654038,-0.13145006,-8.236845e-06,0.009922823,-0.009121787,3.5446803e-05,0.013284376,-0.011834501,0.00068080006,0.00996485,-0.009883509
1101,17,15,-0.00054403296,0.15650623,-0.16439395,0.00012365142,0.008554986,-0.0082680145,3.5446803e-05,0.013284376,-0.011834501,0.00015709833,0.009618826,-0.009603551
488,17,15,-0.0011008641,0.2139867,-0.22556743,-0.0003773534,0.008177728,-0.009071283,3.5446803e-05,0.013284376,-0.011834501,0.00068080006,0.00996485,-0.009883509
73062,37,20,-0.00059904094,0.18897484,-0.19519621,-8.236845e-06,0.009922823,-0.009121787,3.5446803e-05,0.013284376,-0.011834501,0.00068080006,0.00996485,-0.009883509
186222,59,20,-0.00059826934,0.17189664,-0.17963754,-8.236845e-06,0.009922823,-0.009121787,3.5446803e-05,0.013284376,-0.011834501,0.00068080006,0.00996485,-0.009883509
297,6,73,-0.0010371371,0.17440109,-0.18750562,0.00015709833,0.009618826,-0.009603551,3.5446803e-05,0.013284376,-0.011834501,-8.236845e-06,0.009922823,-0.009121787
54389,32,15,-0.000588638,0.14797723,-0.15635936,0.00039263593,0.008924776,-0.009150031,0.00046170873,0.009046885,-0.008212944,0.00068080006,0.00996485,-0.009883509
14320,37,20,-0.0009771152,0.19389471,-0.20161538,0.00012365142,0.008554986,-0.0082680145,3.5446803e-05,0.013284376,-0.011834501,0.00068080006,0.00996485,-0.009883509
724,17,15,-0.0005726779,0.15650848,-0.16240132,-0.0003773534,0.008177728,-0.009071283,3.5446803e-05,0.013284376,-0.011834501,0.00068080006,0.00996485,-0.009883509
1979,26,15,-0.001200328,0.2704919,-0.28241265,0.00039263593,0.008924776,-0.009150031,3.5446803e-05,0.013284376,-0.011834501,0.00068080006,0.00996485,-0.009883509
19412,25,15,-0.00070458336,0.13520247,-0.14611012,-0.0003773534,0.008177728,-0.009071283,0.00046170873,0.009046885,-0.008212944,0.00015709833,0.009618826,-0.009603551
5580,14,15,-0.00082476495,0.23906878,-0.24598154,0.00015709833,0.009618826,-0.009603551,3.5446803e-05,0.013284376,-0.011834501,0.00068080006,0.00996485,-0.009883509
5471,64,15,-0.0005396085,0.17894821,-0.1884049,0.00015709833,0.009618826,-0.009603551,3.5446803e-05,0.013284376,-0.011834501,0.00015709833,0.009618826,-0.009603551
2627,38,15,-0.0008159399,0.26080996,-0.2765418,0.00039263593,0.008924776,-0.009150031,0.00046170873,0.009046885,-0.008212944,0.00015709833,0.009618826,-0.009603551
9011,72,20,-0.0007090456,0.13837852,-0.14456783,-8.236845e-06,0.009922823,-0.009121787,0.00018749949,0.010641727,-0.012015251,-8.236845e-06,0.009922823,-0.009121787
5450,74,14,-0.0008067943,0.14564568,-0.15183364,0.00012365142,0.008554986,-0.0082680145,0.00046170873,0.009046885,-0.008212944,0.00015709833,0.009618826,-0.009603551
14543,45,14,-0.0010677285,0.17928097,-0.19068557,-8.236845e-06,0.009922823,-0.009121787,3.5446803e-05,0.013284376,-0.011834501,-8.236845e-06,0.009922823,-0.009121787
1941,50,14,-0.0006366378,0.14128345,-0.14627814,0.00039263593,0.008924776,-0.009150031,0.00046170873,0.009046885,-0.008212944,-8.236845e-06,0.009922823,-0.009121787
151583,33,14,-0.000921046,0.20105828,-0.20951638,-8.236845e-06,0.009922823,-0.009121787,0.00046170873,0.009046885,-0.008212944,0.00068080006,0.00996485,-0.009883509
44332,104,19,-0.0008448146,0.14995185,-0.15586616,0.00012365142,0.008554986,-0.0082680145,3.5446803e-05,0.013284376,-0.011834501,0.00068080006,0.00996485,-0.009883509
10597,5,14,-0.0008440095,0.2957631,-0.30102322,-8.236845e-06,0.009922823,-0.009121787,3.5446803e-05,0.013284376,-0.011834501,0.00068080006,0.00996485,-0.009883509
26930,52,19,-0.0006353426,0.12543261,-0.13246416,-8.236845e-06,0.009922823,-0.009121787,3.5446803e-05,0.013284376,-0.011834501,0.00068080006,0.00996485,-0.009883509
1987,22,14,-0.00013426268,0.09684331,-0.09576443,0.00039263593,0.008924776,-0.009150031,0.00046170873,0.009046885,-0.008212944,0.00068080006,0.00996485,-0.009883509
4176,30,14,-0.00059841725,0.19189803,-0.20014977,0.00012365142,0.008554986,-0.0082680145,0.00046170873,0.009046885,-0.008212944,0.00015709833,0.009618826,-0.009603551
8108,42,14,-0.00085705443,0.26857576,-0.27901778,-0.0003773534,0.008177728,-0.009071283,3.5446803e-05,0.013284376,-0.011834501,0.00015709833,0.009618826,-0.009603551
27123,12,14,-0.0006062153,0.16881631,-0.17221694,-8.236845e-06,0.009922823,-0.009121787,0.00018749949,0.010641727,-0.012015251,0.00068080006,0.00996485,-0.009883509
23648,78,19,-0.0006497915,0.15077439,-0.15547927,-8.236845e-06,0.009922823,-0.009121787,3.5446803e-05,0.013284376,-0.011834501,0.0006549831,0.009980517,-0.009774047
1964,160,19,-0.0006661259,0.19134344,-0.20087202,0.00012365142,0.008554986,-0.0082680145,3.5446803e-05,0.013284376,-0.011834501,0.00015709833,0.009618826,-0.009603551
60741,56,19,-0.00067999354,0.14466123,-0.14966092,-0.0003773534,0.008177728,-0.009071283,0.00018749949,0.010641727,-0.012015251,0.00015709833,0.009618826,-0.009603551
104080,97,19,-0.0004441082,0.1013083,-0.105813175,-8.236845e-06,0.009922823,-0.009121787,-0.00040125195,0.009424681,-0.009889486,0.00068080006,0.00996485,-0.009883509
2923,82,13,-0.00045068646,0.097706094,-0.10000776,-8.236845e-06,0.009922823,-0.009121787,0.00018749949,0.010641727,-0.012015251,0.0006549831,0.009980517,-0.009774047
17546,58,18,-0.00056552567,0.12427941,-0.13129768,-8.236845e-06,0.009922823,-0.009121787,0.00046170873,0.009046885,-0.008212944,0.0006549831,0.009980517,-0.009774047
8219,15,18,-0.00072402525,0.21129094,-0.21848835,0.00039263593,0.008924776,-0.009150031,3.5446803e-05,0.013284376,-0.011834501,0.00068080006,0.00996485,-0.009883509
6074,48,13,-0.00078894483,0.19373047,-0.20102401,0.00012365142,0.008554986,-0.0082680145,0.00046170873,0.009046885,-0.008212944,0.00068080006,0.00996485,-0.009883509
3307,19,13,-0.00080133707,0.18445167,-0.18933769,0.00039263593,0.008924776,-0.009150031,0.00046170873,0.009046885,-0.008212944,0.00015709833,0.009618826,-0.009603551
10189,52,18,-0.0006619362,0.13777713,-0.14164665,-8.236845e-06,0.009922823,-0.009121787,0.00018749949,0.010641727,-0.012015251,0.00015709833,0.009618826,-0.009603551
9469,56,18,-0.0007800925,0.17173363,-0.1771634,-8.236845e-06,0.009922823,-0.009121787,3.5446803e-05,0.013284376,-0.011834501,-8.236845e-06,0.009922823,-0.009121787
4342,8,13,-0.0008253429,0.23743036,-0.24381119,0.00012365142,0.008554986,-0.0082680145,3.5446803e-05,0.013284376,-0.011834501,0.00068080006,0.00996485,-0.009883509
5881,36,13,-0.00093630614,0.21492492,-0.22076324,0.00012365142,0.008554986,-0.0082680145,0.00046170873,0.009046885,-0.008212944,0.00068080006,0.00996485,-0.009883509
8860,28,18,-0.00071845594,0.1696568,-0.17618549,0.00012365142,0.008554986,-0.0082680145,3.5446803e-05,0.013284376,-0.011834501,0.00015709833,0.009618826,-0.009603551
80324,56,13,-0.00044688958,0.10259796,-0.10759933,-8.236845e-06,0.009922823,-0.009121787,0.00046170873,0.009046885,-0.008212944,0.00015709833,0.009618826,-0.009603551
3270,16,5,-0.00067899504,0.1782542,-0.18426912,0.00039263593,0.008924776,-0.009150031,3.5446803e-05,0.013284376,-0.011834501,0.00068080006,0.00996485,-0.009883509
1560,15,15,-0.001171238,0.22421022,-0.23353721,0.00012365142,0.008554986,-0.0082680145,3.5446803e-05,0.013284376,-0.011834501,0.00068080006,0.00996485,-0.009883509
4177,36,4,-0.0004863506,0.14754471,-0.15126249,-8.236845e-06,0.009922823,-0.009121787,3.5446803e-05,0.013284376,-0.011834501,0.00015709833,0.009618826,-0.009603551
11195,21,3,-0.0007515578,0.1730634,-0.17817655,0.00012365142,0.008554986,-0.0082680145,3.5446803e-05,0.013284376,-0.011834501,0.00068080006,0.00996485,-0.009883509
53817,24,3,-0.00053946977,0.1102146,-0.1192014,-8.236845e-06,0.009922823,-0.009121787,3.5446803e-05,0.013284376,-0.011834501,0.00068080006,0.00996485,-0.009883509
297,6,73,-0.0010371371,0.17440109,-0.18750562,0.00015709833,0.009618826,-0.009603551,3.5446803e-05,0.013284376,-0.011834501,-8.236845e-06,0.009922823,-0.009121787
82996,53,16,-0.0007745803,0.16460021,-0.1706147,0.00012365142,0.008554986,-0.0082680145,0.00046170873,0.009046885,-0.008212944,0.00068080006,0.00996485,-0.009883509
1930,42,3,-0.00069102156,0.1668342,-0.17606513,-8.236845e-06,0.009922823,-0.009121787,0.00046170873,0.009046885,-0.008212944,0.00015709833,0.009618826,-0.009603551
56054,38,16,-0.00063187256,0.13256444,-0.13846576,-8.236845e-06,0.009922823,-0.009121787,3.5446803e-05,0.013284376,-0.011834501,-8.236845e-06,0.009922823,-0.009121787
5544,54,2,-0.00094655773,0.23963359,-0.252653,-8.236845e-06,0.009922823,-0.009121787,3.5446803e-05,0.013284376,-0.011834501,0.00015709833,0.009618826,-0.009603551
6140,13,3,-0.00095559924,0.23639244,-0.24376798,0.00012365142,0.008554986,-0.0082680145,3.5446803e-05,0.013284376,-0.011834501,0.00068080006,0.00996485,-0.009883509
17147,106,3,-0.00066176144,0.14506622,-0.15216556,-8.236845e-06,0.009922823,-0.009121787,0.00018749949,0.010641727,-0.012015251,0.00068080006,0.00996485,-0.009883509
10533,32,3,-0.0009730386,0.17181925,-0.17986529,0.00015709833,0.009618826,-0.009603551,3.5446803e-05,0.013284376,-0.011834501,0.00015709833,0.009618826,-0.009603551
8223,58,6,-0.0007310188,0.22239818,-0.23520248,-8.236845e-06,0.009922823,-0.009121787,0.00046170873,0.009046885,-0.008212944,0.00015709833,0.009618826,-0.009603551
331,63,15,-0.0006078825,0.1384833,-0.14407386,-8.236845e-06,0.009922823,-0.009121787,0.00018749949,0.010641727,-0.012015251,0.00015709833,0.009618826,-0.009603551
3272,39,2,-0.0008328301,0.19654185,-0.204229,-8.236845e-06,0.009922823,-0.009121787,0.00046170873,0.009046885,-0.008212944,0.00015709833,0.009618826,-0.009603551
15023,41,2,-0.00083257904,0.16298477,-0.1689978,-8.236845e-06,0.009922823,-0.009121787,3.5446803e-05,0.013284376,-0.011834501,0.00015709833,0.009618826,-0.009603551
1982,22,2,-0.0013655365,0.26809368,-0.27660525,-0.0003773534,0.008177728,-0.009071283,3.5446803e-05,0.013284376,-0.011834501,0.00015709833,0.009618826,-0.009603551
2497,45,15,-0.0007662255,0.17132498,-0.17709161,0.00015709833,0.009618826,-0.009603551,0.00046170873,0.009046885,-0.008212944,0.00015709833,0.009618826,-0.009603551
2523,54,2,-0.0010467921,0.20884141,-0.21903838,0.00015709833,0.009618826,-0.009603551,3.5446803e-05,0.013284376,-0.011834501,0.00015709833,0.009618826,-0.009603551
297027,120,15,-0.0007626079,0.12301851,-0.12889746,-8.236845e-06,0.009922823,-0.009121787,3.5446803e-05,0.013284376,-0.011834501,0.00015709833,0.009618826,-0.009603551
21662,45,15,-0.00054721977,0.16677004,-0.169995,-0.0003773534,0.008177728,-0.009071283,3.5446803e-05,0.013284376,-0.011834501,0.00068080006,0.00996485,-0.009883509
5581,52,8,-0.000635625,0.19100253,-0.19878523,0.00015709833,0.009618826,-0.009603551,0.00046170873,0.009046885,-0.008212944,0.00015709833,0.009618826,-0.009603551
1297,57,15,-0.0010577455,0.20563917,-0.21245818,-0.0003773534,0.008177728,-0.009071283,3.5446803e-05,0.013284376,-0.011834501,0.00068080006,0.00996485,-0.009883509
53003,102,14,-0.000523061,0.14172944,-0.15080942,0.00012365142,0.008554986,-0.0082680145,0.00046170873,0.009046885,-0.008212944,0.00015709833,0.009618826,-0.009603551
114410,49,14,-0.00027587783,0.08371843,-0.08789116,-8.236845e-06,0.009922823,-0.009121787,3.5446803e-05,0.013284376,-0.011834501,-8.236845e-06,0.009922823,-0.009121787
297,6,73,-0.0010371371,0.17440109,-0.18750562,0.00015709833,0.009618826,-0.009603551,3.5446803e-05,0.013284376,-0.011834501,-8.236845e-06,0.009922823,-0.009121787
2869,32,1,-0.0005317552,0.08345424,-0.08500311,0.00015709833,0.009618826,-0.009603551,0.00018749949,0.010641727,-0.012015251,0.00068080006,0.00996485,-0.009883509
8766,38,14,-0.00072899903,0.20500155,-0.21519084,0.00015709833,0.009618826,-0.009603551,0.00046170873,0.009046885,-0.008212944,0.00015709833,0.009618826,-0.009603551
41750,116,8,-0.00054431165,0.0910677,-0.09576121,0.00012365142,0.008554986,-0.0082680145,0.00046170873,0.009046885,-0.008212944,-8.236845e-06,0.009922823,-0.009121787
13333,64,14,-0.0006452845,0.15209195,-0.15841256,-8.236845e-06,0.009922823,-0.009121787,0.00046170873,0.009046885,-0.008212944,0.00068080006,0.00996485,-0.009883509
52298,24,1,-0.0009287798,0.21820801,-0.22340226,-8.236845e-06,0.009922823,-0.009121787,0.00018749949,0.010641727,-0.012015251,0.00068080006,0.00996485,-0.009883509
1727,31,14,-0.0008245485,0.20334627,-0.21419959,-0.0003773534,0.008177728,-0.009071283,0.00018749949,0.010641727,-0.012015251,0.00015709833,0.009618826,-0.009603551
8467,53,14,-0.0004579989,0.09770876,-0.102709785,-8.236845e-06,0.009922823,-0.009121787,0.00046170873,0.009046885,-0.008212944,0.00015709833,0.009618826,-0.009603551
8871,44,14,-0.00047037576,0.13468838,-0.14337628,-8.236845e-06,0.009922823,-0.009121787,0.00046170873,0.009046885,-0.008212944,0.00068080006,0.00996485,-0.009883509
140747,156,14,-0.00057460065,0.12395882,-0.13019376,-8.236845e-06,0.009922823,-0.009121787,0.00018749949,0.010641727,-0.012015251,-8.236845e-06,0.009922823,-0.009121787
45015,77,14,-0.00090228394,0.20571272,-0.21567748,0.00015709833,0.009618826,-0.009603551,0.00018749949,0.010641727,-0.012015251,0.00068080006,0.00996485,-0.009883509
13811,84,14,-0.00061600714,0.12453322,-0.13077244,-8.236845e-06,0.009922823,-0.009121787,0.00046170873,0.009046885,-0.008212944,-8.236845e-06,0.009922823,-0.009121787
127395,142,4,-0.0005492099,0.12430301,-0.1314874,-0.0003773534,0.008177728,-0.009071283,0.00018749949,0.010641727,-0.012015251,0.0006549831,0.009980517,-0.009774047
7541,14,14,-0.0006015139,0.16392827,-0.17168398,0.00012365142,0.008554986,-0.0082680145,0.00046170873,0.009046885,-0.008212944,0.00068080006,0.00996485,-0.009883509
7362,30,4,-0.00088469463,0.18796115,-0.19686626,0.00015709833,0.009618826,-0.009603551,0.00046170873,0.009046885,-0.008212944,0.00068080006,0.00996485,-0.009883509
171461,29,13,-0.00063006626,0.13663575,-0.13893618,0.00015709833,0.009618826,-0.009603551,0.00018749949,0.010641727,-0.012015251,0.00068080006,0.00996485,-0.009883509
4321,39,4,-0.00078345544,0.17597945,-0.18251307,-0.0003773534,0.008177728,-0.009071283,0.00046170873,0.009046885,-0.008212944,0.00015709833,0.009618826,-0.009603551
34069,20,0,-0.0011064835,0.2756289,-0.28463918,0.00039263593,0.008924776,-0.009150031,0.00018749949,0.010641727,-0.012015251,0.00068080006,0.00996485,-0.009883509
104969,12,11,-0.0012471497,0.24741411,-0.25216594,-8.236845e-06,0.009922823,-0.009121787,0.00046170873,0.009046885,-0.008212944,0.00068080006,0.00996485,-0.009883509
37219,39,13,-0.00067517644,0.16168313,-0.16762307,-8.236845e-06,0.009922823,-0.009121787,0.0008033614,0.010229348,-0.008849426,0.00068080006,0.00996485,-0.009883509
9679,80,13,-0.00077289523,0.12762354,-0.13426423,-8.236845e-06,0.009922823,-0.009121787,3.5446803e-05,0.013284376,-0.011834501,-8.236845e-06,0.009922823,-0.009121787
110605,99,4,-0.0007805832,0.17576633,-0.18303755,0.00015709833,0.009618826,-0.009603551,0.00046170873,0.009046885,-0.008212944,0.00068080006,0.00996485,-0.009883509
14643,54,4,-0.00057801703,0.14218278,-0.14700514,0.00012365142,0.008554986,-0.0082680145,0.00046170873,0.009046885,-0.008212944,0.00015709833,0.009618826,-0.009603551
7577,67,13,-0.00073530787,0.1540401,-0.16052994,-8.236845e-06,0.009922823,-0.009121787,0.00046170873,0.009046885,-0.008212944,-8.236845e-06,0.009922823,-0.009121787
56606,176,3,-0.00089202495,0.21586962,-0.22993064,-8.236845e-06,0.009922823,-0.009121787,0.00018749949,0.010641727,-0.012015251,0.00068080006,0.00996485,-0.009883509
3167,48,12,-0.0006909806,0.14857787,-0.15497874,0.00015709833,0.009618826,-0.009603551,0.00018749949,0.010641727,-0.012015251,0.00068080006,0.00996485,-0.009883509
192581,37,12,-0.00043744384,0.09791505,-0.10139452,0.00015709833,0.009618826,-0.009603551,3.5446803e-05,0.013284376,-0.011834501,0.00068080006,0.00996485,-0.009883509
110937,106,3,-0.00052984094,0.116046965,-0.12328454,0.00015709833,0.009618826,-0.009603551,0.00046170873,0.009046885,-0.008212944,0.00015709833,0.009618826,-0.009603551
3348,38,3,-0.0005996602,0.1438107,-0.1511768,0.00012365142,0.008554986,-0.0082680145,0.00046170873,0.009046885,-0.008212944,0.00015709833,0.009618826,-0.009603551
19914,136,12,-0.0006822489,0.12307696,-0.12995662,-0.0003773534,0.008177728,-0.009071283,0.00046170873,0.009046885,-0.008212944,0.00015709833,0.009618826,-0.009603551
30766,14,12,-0.00053570507,0.17762361,-0.18325116,-8.236845e-06,0.009922823,-0.009121787,0.00046170873,0.009046885,-0.008212944,0.00068080006,0.00996485,-0.009883509
3181,30,12,-0.0008952074,0.21583122,-0.22437671,0.00039263593,0.008924776,-0.009150031,0.00046170873,0.009046885,-0.008212944,-8.236845e-06,0.009922823,-0.009121787
60838,140,4,-0.0007025309,0.13652556,-0.14322877,0.00015709833,0.009618826,-0.009603551,0.00046170873,0.009046885,-0.008212944,0.00015709833,0.009618826,-0.009603551
6808,93,1,-0.0008603774,0.21942446,-0.23089549,0.00012365142,0.008554986,-0.0082680145,3.5446803e-05,0.013284376,-0.011834501,0.00015709833,0.009618826,-0.009603551
297,6,73,-0.0010371371,0.17440109,-0.18750562,0.00015709833,0.009618826,-0.009603551,3.5446803e-05,0.013284376,-0.011834501,-8.236845e-06,0.009922823,-0.009121787
297,6,73,-0.0010371371,0.17440109,-0.18750562,0.00015709833,0.009618826,-0.009603551,3.5446803e-05,0.013284376,-0.011834501,-8.236845e-06,0.009922823,-0.009121787
3254,49,10,-0.0007328277,0.24199739,-0.2548668,-8.236845e-06,0.009922823,-0.009121787,0.00046170873,0.009046885,-0.008212944,0.00015709833,0.009618826,-0.009603551
169384,85,10,-0.00046693257,0.09811752,-0.10098938,0.00012365142,0.008554986,-0.0082680145,0.00018749949,0.010641727,-0.012015251,0.00015709833,0.009618826,-0.009603551
2081,83,10,-0.0007656443,0.20043327,-0.21066923,-0.0003773534,0.008177728,-0.009071283,0.00046170873,0.009046885,-0.008212944,0.00015709833,0.009618826,-0.009603551
3412,96,10,-0.0008051823,0.21866708,-0.22825205,0.00015709833,0.009618826,-0.009603551,3.5446803e-05,0.013284376,-0.011834501,0.00015709833,0.009618826,-0.009603551
12817,17,3,-0.0010751163,0.21211998,-0.22409895,-8.236845e-06,0.009922823,-0.009121787,0.00046170873,0.009046885,-0.008212944,0.00015709833,0.009618826,-0.009603551
5090,37,2,-0.00074937684,0.19478592,-0.20635323,0.00015709833,0.009618826,-0.009603551,3.5446803e-05,0.013284376,-0.011834501,0.00015709833,0.009618826,-0.009603551
9117,127,9,-0.0007572251,0.20280229,-0.21396714,-8.236845e-06,0.009922823,-0.009121787,0.00046170873,0.009046885,-0.008212944,0.00015709833,0.009618826,-0.009603551
2738,71,9,-0.0006817527,0.17939568,-0.18936938,0.00015709833,0.009618826,-0.009603551,0.00018749949,0.010641727,-0.012015251,0.00015709833,0.009618826,-0.009603551
297,6,73,-0.0010371371,0.17440109,-0.18750562,0.00015709833,0.009618826,-0.009603551,3.5446803e-05,0.013284376,-0.011834501,-8.236845e-06,0.009922823,-0.009121787
11718,26,2,-0.0009526863,0.16779014,-0.17699505,-8.236845e-06,0.009922823,-0.009121787,0.00046170873,0.009046885,-0.008212944,0.00015709833,0.009618826,-0.009603551
7878,31,9,-0.00066521985,0.16933028,-0.17624223,0.00012365142,0.008554986,-0.0082680145,0.00046170873,0.009046885,-0.008212944,0.00015709833,0.009618826,-0.009603551
297,6,73,-0.0010371371,0.17440109,-0.18750562,0.00015709833,0.009618826,-0.009603551,3.5446803e-05,0.013284376,-0.011834501,-8.236845e-06,0.009922823,-0.009121787
22952,113,2,-0.00056716235,0.111884,-0.11628848,0.00012365142,0.008554986,-0.0082680145,0.0008033614,0.010229348,-0.008849426,0.00015709833,0.009618826,-0.009603551
95258,102,8,-0.0005698,0.13545291,-0.14132772,-0.0003773534,0.008177728,-0.009071283,3.5446803e-05,0.013284376,-0.011834501,-0.00018733664,0.009979125,-0.009724812
3227,69,8,-0.0008828068,0.22412017,-0.23218772,-8.236845e-06,0.009922823,-0.009121787,0.00018749949,0.010641727,-0.012015251,0.00015709833,0.009618826,-0.009603551
7073,45,4,-0.00041012003,0.17381895,-0.181015,0.00015709833,0.009618826,-0.009603551,0.00046170873,0.009046885,-0.008212944,0.00015709833,0.009618826,-0.009603551
17779,44,8,-0.0006532763,0.17269844,-0.17510332,-8.236845e-06,0.009922823,-0.009121787,0.00018749949,0.010641727,-0.012015251,0.00068080006,0.00996485,-0.009883509
2686,75,1,-0.0008498585,0.21431231,-0.22718775,-8.236845e-06,0.009922823,-0.009121787,3.5446803e-05,0.013284376,-0.011834501,0.00068080006,0.00996485,-0.009883509
21887,130,8,-0.0007445067,0.1525997,-0.15896304,0.00012365142,0.008554986,-0.0082680145,0.00018749949,0.010641727,-0.012015251,-0.0006660555,0.009904971,-0.009603318
5132,113,2,-0.0007610106,0.21006356,-0.22046672,-8.236845e-06,0.009922823,-0.009121787,3.5446803e-05,0.013284376,-0.011834501,-0.00018733664,0.009979125,-0.009724812
3174,32,1,-0.00096128957,0.24920717,-0.2581388,-8.236845e-06,0.009922823,-0.009121787,3.5446803e-05,0.013284376,-0.011834501,0.00015709833,0.009618826,-0.009603551
8599,163,7,-0.00032854264,0.08987137,-0.09534506,0.00012365142,0.008554986,-0.0082680145,0.00018749949,0.010641727,-0.012015251,0.00015709833,0.009618826,-0.009603551
8401,47,1,-0.0007388382,0.22335091,-0.2326038,0.00015709833,0.009618826,-0.009603551,3.5446803e-05,0.013284376,-0.011834501,0.00015709833,0.009618826,-0.009603551
5472,37,7,-0.0007282682,0.2078565,-0.21522725,-8.236845e-06,0.009922823,-0.009121787,3.5446803e-05,0.013284376,-0.011834501,0.00015709833,0.009618826,-0.009603551
9496,95,1,-0.0005688474,0.110572875,-0.11672869,0.00012365142,0.008554986,-0.0082680145,0.00046170873,0.009046885,-0.008212944,0.00015709833,0.009618826,-0.009603551
8060,29,1,-0.00041954766,0.17040694,-0.17376152,-8.236845e-06,0.009922823,-0.009121787,0.00046170873,0.009046885,-0.008212944,0.00068080006,0.00996485,-0.009883509
6325,82,0,-0.00077691756,0.12774242,-0.13301529,0.00012365142,0.008554986,-0.0082680145,3.5446803e-05,0.013284376,-0.011834501,0.00015709833,0.009618826,-0.009603551
9411,40,3,-0.0008374983,0.23764022,-0.2509884,0.00015709833,0.009618826,-0.009603551,0.00046170873,0.009046885,-0.008212944,0.00015709833,0.009618826,-0.009603551
1235,36,6,-0.0008655225,0.27513963,-0.29472214,0.00015709833,0.009618826,-0.009603551,3.5446803e-05,0.013284376,-0.011834501,0.00015709833,0.009618826,-0.009603551
1234,36,6,-0.0008655225,0.27513963,-0.29472214,0.00015709833,0.009618826,-0.009603551,3.5446803e-05,0.013284376,-0.011834501,0.00015709833,0.009618826,-0.009603551
7580,9,6,-0.0008124677,0.20517272,-0.21300083,0.00015709833,0.009618826,-0.009603551,3.5446803e-05,0.013284376,-0.011834501,0.00015709833,0.009618826,-0.009603551
41605,142,3,-0.000574601,0.13283506,-0.13910472,0.00015709833,0.009618826,-0.009603551,0.00046170873,0.009046885,-0.008212944,0.00015709833,0.009618826,-0.009603551
297,6,73,-0.0010371371,0.17440109,-0.18750562,0.00015709833,0.009618826,-0.009603551,3.5446803e-05,0.013284376,-0.011834501,-8.236845e-06,0.009922823,-0.009121787
3986,28,5,-0.0010138084,0.19170009,-0.19771096,0.00012365142,0.008554986,-0.0082680145,3.5446803e-05,0.013284376,-0.011834501,0.00015709833,0.009618826,-0.009603551
4447,53,2,-0.0007182708,0.14814878,-0.15594904,0.00015709833,0.009618826,-0.009603551,0.00018749949,0.010641727,-0.012015251,0.0006549831,0.009980517,-0.009774047
26721,54,2,-0.0003090422,0.096004665,-0.09919566,0.00012365142,0.008554986,-0.0082680145,0.00018749949,0.010641727,-0.012015251,0.00015709833,0.009618826,-0.009603551
5784,94,4,-0.00068503513,0.15974961,-0.16355067,0.00015709833,0.009618826,-0.009603551,0.00046170873,0.009046885,-0.008212944,0.00015709833,0.009618826,-0.009603551
39694,44,1,-0.00059523544,0.16513346,-0.16870645,-0.0003773534,0.008177728,-0.009071283,0.00018749949,0.010641727,-0.012015251,0.00015709833,0.009618826,-0.009603551
5941,84,1,-0.00056021137,0.11463449,-0.1168069,0.00015709833,0.009618826,-0.009603551,0.00018749949,0.010641727,-0.012015251,0.00015709833,0.009618826,-0.009603551
9888,166,4,-0.0009190427,0.20527928,-0.21651296,0.00015709833,0.009618826,-0.009603551,0.00046170873,0.009046885,-0.008212944,0.00015709833,0.009618826,-0.009603551
8141,160,4,-0.00066966173,0.1779633,-0.18629801,0.00015709833,0.009618826,-0.009603551,0.00046170873,0.009046885,-0.008212944,0.00015709833,0.009618826,-0.009603551
8558,92,4,-0.0007654439,0.20344391,-0.2123099,0.00015709833,0.009618826,-0.009603551,3.5446803e-05,0.013284376,-0.011834501,0.00015709833,0.009618826,-0.009603551
7477,104,0,-0.0006594494,0.16571529,-0.17299111,-0.0003773534,0.008177728,-0.009071283,3.5446803e-05,0.013284376,-0.011834501,0.00015709833,0.009618826,-0.009603551
3986,80,3,-0.0006914852,0.15397829,-0.16293338,-8.236845e-06,0.009922823,-0.009121787,3.5446803e-05,0.013284376,-0.011834501,0.00015709833,0.009618826,-0.009603551
9041,55,0,-0.0005903434,0.12054692,-0.12498047,-8.236845e-06,0.009922823,-0.009121787,0.00018749949,0.010641727,-0.012015251,0.00015709833,0.009618826,-0.009603551
4295,144,0,-0.0005140011,0.114796706,-0.12143859,0.00015709833,0.009618826,-0.009603551,0.00046170873,0.009046885,-0.008212944,0.00015709833,0.009618826,-0.009603551
4741,63,3,-0.0006587729,0.18044417,-0.18949054,-0.0003773534,0.008177728,-0.009071283,3.5446803e-05,0.013284376,-0.011834501,0.00015709833,0.009618826,-0.009603551
6099,55,3,-0.00054717204,0.128159,-0.1368502,0.00015709833,0.009618826,-0.009603551,0.00018749949,0.010641727,-0.012015251,0.00015709833,0.009618826,-0.009603551
38652,116,3,-0.00074709876,0.12056338,-0.12655906,0.00012365142,0.008554986,-0.0082680145,3.5446803e-05,0.013284376,-0.011834501,0.00015709833,0.009618826,-0.009603551
40840,63,2,-0.0004649727,0.1013601,-0.10503896,-8.236845e-06,0.009922823,-0.009121787,3.5446803e-05,0.013284376,-0.011834501,0.00068080006,0.00996485,-0.009883509
1986,34,3,-0.00096456794,0.18775864,-0.19546953,0.00015709833,0.009618826,-0.009603551,0.0008033614,0.010229348,-0.008849426,0.00015709833,0.009618826,-0.009603551
2031,131,3,-0.0007054726,0.12416426,-0.13275081,-8.236845e-06,0.009922823,-0.009121787,3.5446803e-05,0.013284376,-0.011834501,0.00068080006,0.00996485,-0.009883509
3145,92,2,-0.0008771773,0.24613495,-0.26094675,-0.0003773534,0.008177728,-0.009071283,0.00046170873,0.009046885,-0.008212944,0.00015709833,0.009618826,-0.009603551
8186,23,2,-0.00095289445,0.23247617,-0.24149662,0.00015709833,0.009618826,-0.009603551,3.5446803e-05,0.013284376,-0.011834501,0.00015709833,0.009618826,-0.009603551
8258,157,2,-0.00074247585,0.18343738,-0.19347179,0.00015709833,0.009618826,-0.009603551,0.00018749949,0.010641727,-0.012015251,0.00068080006,0.00996485,-0.009883509
9431,66,2,-0.0006056494,0.14745417,-0.15411507,-8.236845e-06,0.009922823,-0.009121787,0.00046170873,0.009046885,-0.008212944,0.00015709833,0.009618826,-0.009603551
674,33,2,-0.0011530264,0.24880219,-0.25771096,0.00012365142,0.008554986,-0.0082680145,3.5446803e-05,0.013284376,-0.011834501,0.00068080006,0.00996485,-0.009883509
225,186,2,-0.00047436528,0.12372052,-0.13113132,-8.236845e-06,0.009922823,-0.009121787,0.00018749949,0.010641727,-0.012015251,-8.236845e-06,0.009922823,-0.009121787
7502,81,1,-0.00070693897,0.13688059,-0.14320965,0.00015709833,0.009618826,-0.009603551,0.00046170873,0.009046885,-0.008212944,0.00015709833,0.009618826,-0.009603551
2965,114,1,-0.00048015921,0.13048273,-0.1362888,-0.0003773534,0.008177728,-0.009071283,3.5446803e-05,0.013284376,-0.011834501,0.00068080006,0.00996485,-0.009883509
1359,90,1,-0.00082637364,0.21653476,-0.22794639,0.00015709833,0.009618826,-0.009603551,0.00046170873,0.009046885,-0.008212944,0.00015709833,0.009618826,-0.009603551
8943,43,1,-0.0008206935,0.18314423,-0.1876065,0.00015709833,0.009618826,-0.009603551,0.0014004526,0.009977593,-0.00980994,0.00015709833,0.009618826,-0.009603551
