words,amount_keywords,up_time,keywords_mean,keywords_max,keywords_min,rating_mean,rating_max,rating_min,contentWarning_mean,contentWarning_max,contentWarning_min,romanticCategory_mean,romanticCategory_max,romanticCategory_min,romanticCategory,rating,contentWarning
2417,24,172,-0.0012400862,0.009802843,-0.009658898,0.00068080006,0.00996485,-0.009883509,0.00015709833,0.009618826,-0.009603551,0.00068080006,0.00996485,-0.009883509,1.0,1.9967620011132508,1.956887864209901
227423,21,167,0.0008486518,0.0099971155,-0.009681305,0.00015709833,0.009618826,-0.009603551,0.00015709833,0.009618826,-0.009603551,0.00015709833,0.009618826,-0.009603551,0.0,1.0,1.956887864209901
9300,61,201,2.9976749e-05,0.009823255,-0.009996834,0.00015709833,0.009618826,-0.009603551,0.00015709833,0.009618826,-0.009603551,0.00015709833,0.009618826,-0.009603551,0.0,1.0,1.956887864209901
3877,59,100,0.00041054416,0.009877048,-0.009546758,-8.236845e-06,0.009922823,-0.009121787,-8.236845e-06,0.009922823,-0.009121787,0.00015709833,0.009618826,-0.009603551,0.0,1.4142135623730951,2.0
12660,24,99,4.7520418e-05,0.008934252,-0.009709993,0.00015709833,0.009618826,-0.009603551,0.00068080006,0.00996485,-0.009883509,0.00015709833,0.009618826,-0.009603551,0.0,1.0,2.5968491788439394
5077,35,96,0.00065169146,0.009934895,-0.009947313,-8.236845e-06,0.009922823,-0.009121787,0.00068080006,0.00996485,-0.009883509,0.00015709833,0.009618826,-0.009603551,0.0,1.4142135623730951,2.5968491788439394
1138,17,95,-8.115221e-05,0.009654854,-0.009382299,0.00015709833,0.009618826,-0.009603551,0.00015709833,0.009618826,-0.009603551,0.00015709833,0.009618826,-0.009603551,0.0,1.0,1.956887864209901
7326,25,94,0.00027844208,0.00992683,-0.0097978525,0.00015709833,0.009618826,-0.009603551,0.00068080006,0.00996485,-0.009883509,0.00015709833,0.009618826,-0.009603551,0.0,1.0,2.5968491788439394
7559,72,97,7.8253805e-05,0.009534278,-0.00997185,-8.236845e-06,0.009922823,-0.009121787,0.00068080006,0.00996485,-0.009883509,0.00015709833,0.009618826,-0.009603551,0.0,1.4142135623730951,2.5968491788439394
1741,29,91,0.0009304114,0.009592243,-0.00978385,0.00015709833,0.009618826,-0.009603551,0.00015709833,0.009618826,-0.009603551,0.00015709833,0.009618826,-0.009603551,0.0,1.0,1.956887864209901
98580,18,194,-0.0005897921,0.0095024565,-0.009961694,0.00068080006,0.00996485,-0.009883509,0.00015709833,0.009618826,-0.009603551,0.00015709833,0.009618826,-0.009603551,0.0,1.9967620011132508,1.956887864209901
2773,24,84,0.0009296455,0.0097191585,-0.009765289,0.00068080006,0.00996485,-0.009883509,0.00015709833,0.009618826,-0.009603551,0.00015709833,0.009618826,-0.009603551,0.0,1.9967620011132508,1.956887864209901
22732,27,88,0.0005388328,0.009891843,-0.009851831,0.00068080006,0.00996485,-0.009883509,-8.236845e-06,0.009922823,-0.009121787,0.00015709833,0.009618826,-0.009603551,0.0,1.9967620011132508,2.0
297,6,73,0.00015709833,0.009618826,-0.009603551,0.00015709833,0.009618826,-0.009603551,0.00068080006,0.00996485,-0.009883509,0.00015709833,0.009618826,-0.009603551,0.0,1.0,2.5968491788439394
199884,78,84,0.0007955075,0.009834162,-0.009974668,0.00015709833,0.009618826,-0.009603551,0.00015709833,0.009618826,-0.009603551,0.00015709833,0.009618826,-0.009603551,0.0,1.0,1.956887864209901
166027,74,82,-0.0014261758,0.009803384,-0.009996495,0.00015709833,0.009618826,-0.009603551,0.00068080006,0.00996485,-0.009883509,0.00068080006,0.00996485,-0.009883509,1.0,1.0,2.5968491788439394
25921,53,36,3.458076e-05,0.0099701155,-0.009589603,0.00015709833,0.009618826,-0.009603551,-0.00018733664,0.009979125,-0.009724812,0.00015709833,0.009618826,-0.009603551,0.0,1.0,1.0
27213,39,78,0.00012885587,0.009717144,-0.0098245,0.00015709833,0.009618826,-0.009603551,0.00068080006,0.00996485,-0.009883509,0.00015709833,0.009618826,-0.009603551,0.0,1.0,2.5968491788439394
4367,29,70,-0.00013917954,0.009837139,-0.009702281,0.0006549831,0.009980517,-0.009774047,0.00068080006,0.00996485,-0.009883509,0.00015709833,0.009618826,-0.009603551,0.0,1.3828992025720797,2.5968491788439394
297,6,73,0.00015709833,0.009618826,-0.009603551,0.00015709833,0.009618826,-0.009603551,0.00068080006,0.00996485,-0.009883509,0.00015709833,0.009618826,-0.009603551,0.0,1.0,2.5968491788439394
3874,30,67,-0.00015402016,0.009413606,-0.009688858,0.0006549831,0.009980517,-0.009774047,0.00068080006,0.00996485,-0.009883509,0.00015709833,0.009618826,-0.009603551,0.0,1.3828992025720797,2.5968491788439394
4599,47,71,9.83588e-05,0.009896717,-0.009839283,0.00015709833,0.009618826,-0.009603551,0.00068080006,0.00996485,-0.009883509,0.00015709833,0.009618826,-0.009603551,0.0,1.0,2.5968491788439394
15887,39,64,-0.00013427589,0.009691861,-0.009955295,0.00015709833,0.009618826,-0.009603551,0.00068080006,0.00996485,-0.009883509,0.00015709833,0.009618826,-0.009603551,0.0,1.0,2.5968491788439394
5220,22,64,-0.00020967,0.009985201,-0.009911508,0.00015709833,0.009618826,-0.009603551,0.00015709833,0.009618826,-0.009603551,0.00015709833,0.009618826,-0.009603551,0.0,1.0,1.956887864209901
36475,36,68,0.0009330394,0.00974965,-0.009716971,0.00068080006,0.00996485,-0.009883509,0.00015709833,0.009618826,-0.009603551,0.00015709833,0.009618826,-0.009603551,0.0,1.9967620011132508,1.956887864209901
1422,45,64,9.2443785e-05,0.009966711,-0.009675842,0.00015709833,0.009618826,-0.009603551,0.00015709833,0.009618826,-0.009603551,0.00015709833,0.009618826,-0.009603551,0.0,1.0,1.956887864209901
4958,48,68,-0.00010609511,0.00984764,-0.009710539,-8.236845e-06,0.009922823,-0.009121787,0.00068080006,0.00996485,-0.009883509,0.00015709833,0.009618826,-0.009603551,0.0,1.4142135623730951,2.5968491788439394
1203,60,71,0.0004225131,0.009899995,-0.0092791645,0.0006549831,0.009980517,-0.009774047,0.00015709833,0.009618826,-0.009603551,0.00015709833,0.009618826,-0.009603551,0.0,1.3828992025720797,1.956887864209901
655,30,63,4.2276075e-05,0.00996108,-0.009243423,0.00068080006,0.00996485,-0.009883509,0.00015709833,0.009618826,-0.009603551,0.00015709833,0.009618826,-0.009603551,0.0,1.9967620011132508,1.956887864209901
10204,3,71,-0.0006916215,0.009919894,-0.009825471,0.00015709833,0.009618826,-0.009603551,0.00015709833,0.009618826,-0.009603551,0.00015709833,0.009618826,-0.009603551,0.0,1.0,1.956887864209901
20152,92,71,-0.00024709295,0.008992008,-0.009828504,0.00068080006,0.00996485,-0.009883509,0.00068080006,0.00996485,-0.009883509,0.00015709833,0.009618826,-0.009603551,0.0,1.9967620011132508,2.5968491788439394
3181,43,63,-0.00012161683,0.0098787965,-0.009969089,0.00068080006,0.00996485,-0.009883509,0.00015709833,0.009618826,-0.009603551,0.00015709833,0.009618826,-0.009603551,0.0,1.9967620011132508,1.956887864209901
58402,42,70,0.00064822054,0.009966321,-0.009993738,0.00015709833,0.009618826,-0.009603551,0.00015709833,0.009618826,-0.009603551,0.00015709833,0.009618826,-0.009603551,0.0,1.0,1.956887864209901
2618,34,70,-0.0004667598,0.009711284,-0.009994563,-8.236845e-06,0.009922823,-0.009121787,0.00068080006,0.00996485,-0.009883509,0.00015709833,0.009618826,-0.009603551,0.0,1.4142135623730951,2.5968491788439394
51079,39,70,-0.00029934457,0.009974671,-0.009731234,0.00015709833,0.009618826,-0.009603551,0.00068080006,0.00996485,-0.009883509,0.00015709833,0.009618826,-0.009603551,0.0,1.0,2.5968491788439394
7758,57,62,0.00024819374,0.009889284,-0.009366509,0.00015709833,0.009618826,-0.009603551,0.00015709833,0.009618826,-0.009603551,0.00015709833,0.009618826,-0.009603551,0.0,1.0,1.956887864209901
3142,23,60,0.0014419619,0.009868335,-0.009914308,-8.236845e-06,0.009922823,-0.009121787,0.00068080006,0.00996485,-0.009883509,0.00015709833,0.009618826,-0.009603551,0.0,1.4142135623730951,2.5968491788439394
1937,9,59,-0.0009270891,0.0098570045,-0.009955861,0.0006549831,0.009980517,-0.009774047,0.00015709833,0.009618826,-0.009603551,0.00015709833,0.009618826,-0.009603551,0.0,1.3828992025720797,1.956887864209901
28341,58,55,0.00035166624,0.009791178,-0.009900272,0.00015709833,0.009618826,-0.009603551,-8.236845e-06,0.009922823,-0.009121787,0.00015709833,0.009618826,-0.009603551,0.0,1.0,2.0
2423,117,65,0.000564493,0.009922165,-0.009982732,0.00015709833,0.009618826,-0.009603551,0.00068080006,0.00996485,-0.009883509,0.00015709833,0.009618826,-0.009603551,0.0,1.0,2.5968491788439394
4051,25,57,0.00084396097,0.009703709,-0.009966981,0.0006549831,0.009980517,-0.009774047,0.00015709833,0.009618826,-0.009603551,0.00015709833,0.009618826,-0.009603551,0.0,1.3828992025720797,1.956887864209901
26261,23,64,8.660087e-05,0.00986824,-0.009791477,0.00068080006,0.00996485,-0.009883509,-8.236845e-06,0.009922823,-0.009121787,0.00015709833,0.009618826,-0.009603551,0.0,1.9967620011132508,2.0
21112,13,66,0.00086163986,0.009907288,-0.009926771,0.00015709833,0.009618826,-0.009603551,0.0006549831,0.009980517,-0.009774047,0.00015709833,0.009618826,-0.009603551,0.0,1.0,1.7320508075688772
9328,37,56,-0.00074730424,0.009830367,-0.0091844415,0.00015709833,0.009618826,-0.009603551,0.00015709833,0.009618826,-0.009603551,0.00015709833,0.009618826,-0.009603551,0.0,1.0,1.956887864209901
195,9,55,0.0008882899,0.009946665,-0.009585772,-8.236845e-06,0.009922823,-0.009121787,0.00068080006,0.00996485,-0.009883509,0.00015709833,0.009618826,-0.009603551,0.0,1.4142135623730951,2.5968491788439394
4505,45,55,-0.000489601,0.008789046,-0.009754488,-8.236845e-06,0.009922823,-0.009121787,0.00015709833,0.009618826,-0.009603551,0.00015709833,0.009618826,-0.009603551,0.0,1.4142135623730951,1.956887864209901
1616,43,62,-2.527011e-05,0.0099162925,-0.0097600445,0.00015709833,0.009618826,-0.009603551,0.00068080006,0.00996485,-0.009883509,0.00015709833,0.009618826,-0.009603551,0.0,1.0,2.5968491788439394
7079,57,55,0.0002955769,0.009906489,-0.009907506,0.00015709833,0.009618826,-0.009603551,-0.00018733664,0.009979125,-0.009724812,0.00015709833,0.009618826,-0.009603551,0.0,1.0,1.0
542422,28,54,-0.00023502808,0.009438035,-0.009495757,0.00068080006,0.00996485,-0.009883509,-8.236845e-06,0.009922823,-0.009121787,0.00015709833,0.009618826,-0.009603551,0.0,1.9967620011132508,2.0
2117,18,53,-0.0005849638,0.009895865,-0.00972157,0.0006549831,0.009980517,-0.009774047,0.00015709833,0.009618826,-0.009603551,0.00015709833,0.009618826,-0.009603551,0.0,1.3828992025720797,1.956887864209901
28631,29,60,1.9502715e-05,0.009964764,-0.009852228,0.0006549831,0.009980517,-0.009774047,0.00068080006,0.00996485,-0.009883509,0.00015709833,0.009618826,-0.009603551,0.0,1.3828992025720797,2.5968491788439394
3514,74,60,4.272391e-05,0.0099902125,-0.009837291,0.00015709833,0.009618826,-0.009603551,-8.236845e-06,0.009922823,-0.009121787,0.00015709833,0.009618826,-0.009603551,0.0,1.0,2.0
4762,32,192,8.27187e-05,0.009912594,-0.00997236,0.00015709833,0.009618826,-0.009603551,0.00015709833,0.009618826,-0.009603551,0.00015709833,0.009618826,-0.009603551,0.0,1.0,1.956887864209901
1752,43,52,0.00026185016,0.009962376,-0.009821689,0.00068080006,0.00996485,-0.009883509,0.00015709833,0.009618826,-0.009603551,0.00015709833,0.009618826,-0.009603551,0.0,1.9967620011132508,1.956887864209901
11686,38,58,0.0007836752,0.009935153,-0.009120532,-8.236845e-06,0.009922823,-0.009121787,0.00068080006,0.00996485,-0.009883509,0.00015709833,0.009618826,-0.009603551,0.0,1.4142135623730951,2.5968491788439394
4662,23,51,0.00015454523,0.009493458,-0.009889321,-8.236845e-06,0.009922823,-0.009121787,0.00015709833,0.009618826,-0.009603551,0.00015709833,0.009618826,-0.009603551,0.0,1.4142135623730951,1.956887864209901
37730,64,51,-1.5269206e-05,0.009478115,-0.009999081,0.00015709833,0.009618826,-0.009603551,0.00015709833,0.009618826,-0.009603551,0.00015709833,0.009618826,-0.009603551,0.0,1.0,1.956887864209901
35216,34,57,0.00030241077,0.009915144,-0.0098126205,0.00068080006,0.00996485,-0.009883509,0.00015709833,0.009618826,-0.009603551,0.00068080006,0.00996485,-0.009883509,1.0,1.9967620011132508,1.956887864209901
1916,20,50,0.0010175069,0.009861362,-0.00945644,0.00015709833,0.009618826,-0.009603551,0.00015709833,0.009618826,-0.009603551,0.00015709833,0.009618826,-0.009603551,0.0,1.0,1.956887864209901
3346,30,50,5.907689e-05,0.009716417,-0.0099783195,0.0006549831,0.009980517,-0.009774047,0.00015709833,0.009618826,-0.009603551,0.00015709833,0.009618826,-0.009603551,0.0,1.3828992025720797,1.956887864209901
7590,32,51,-0.0013973153,0.009240681,-0.009846908,0.00015709833,0.009618826,-0.009603551,0.00015709833,0.009618826,-0.009603551,0.00015709833,0.009618826,-0.009603551,0.0,1.0,1.956887864209901
34847,48,56,-0.00031105816,0.009984832,-0.0098388055,0.00015709833,0.009618826,-0.009603551,0.00068080006,0.00996485,-0.009883509,0.00015709833,0.009618826,-0.009603551,0.0,1.0,2.5968491788439394
1091,86,49,2.197643e-05,0.009917485,-0.009846961,0.00015709833,0.009618826,-0.009603551,0.00068080006,0.00996485,-0.009883509,0.00015709833,0.009618826,-0.009603551,0.0,1.0,2.5968491788439394
8165,108,55,-0.000601991,0.009712031,-0.009838734,0.0006549831,0.009980517,-0.009774047,0.00015709833,0.009618826,-0.009603551,0.00015709833,0.009618826,-0.009603551,0.0,1.3828992025720797,1.956887864209901
7903,34,48,-6.184447e-05,0.0097929295,-0.009966189,0.00015709833,0.009618826,-0.009603551,0.00068080006,0.00996485,-0.009883509,0.00015709833,0.009618826,-0.009603551,0.0,1.0,2.5968491788439394
297,6,73,0.00015709833,0.009618826,-0.009603551,0.00015709833,0.009618826,-0.009603551,0.00068080006,0.00996485,-0.009883509,0.00015709833,0.009618826,-0.009603551,0.0,1.0,2.5968491788439394
644,26,49,-0.0010512538,0.0098076165,-0.009880109,0.0006549831,0.009980517,-0.009774047,0.00015709833,0.009618826,-0.009603551,0.00015709833,0.009618826,-0.009603551,0.0,1.3828992025720797,1.956887864209901
28033,12,49,0.0006558472,0.009746661,-0.009927375,0.00068080006,0.00996485,-0.009883509,0.00015709833,0.009618826,-0.009603551,0.00015709833,0.009618826,-0.009603551,0.0,1.9967620011132508,1.956887864209901
2937,6,56,7.914433e-05,0.009934182,-0.009768871,0.00068080006,0.00996485,-0.009883509,0.00068080006,0.00996485,-0.009883509,0.00015709833,0.009618826,-0.009603551,0.0,1.9967620011132508,2.5968491788439394
4830,44,48,-0.00050578825,0.009912264,-0.009812113,0.00015709833,0.009618826,-0.009603551,0.00015709833,0.009618826,-0.009603551,0.00015709833,0.009618826,-0.009603551,0.0,1.0,1.956887864209901
207,9,49,4.3367403e-05,0.009958591,-0.009516079,0.0006549831,0.009980517,-0.009774047,0.00015709833,0.009618826,-0.009603551,0.00015709833,0.009618826,-0.009603551,0.0,1.3828992025720797,1.956887864209901
8291,57,53,-0.00031451028,0.009807339,-0.009937363,0.00015709833,0.009618826,-0.009603551,0.00068080006,0.00996485,-0.009883509,0.00015709833,0.009618826,-0.009603551,0.0,1.0,2.5968491788439394
15251,18,47,-0.00043316308,0.009869159,-0.009944325,-8.236845e-06,0.009922823,-0.009121787,0.00015709833,0.009618826,-0.009603551,0.00015709833,0.009618826,-0.009603551,0.0,1.4142135623730951,1.956887864209901
4013,53,47,0.0004866883,0.009814545,-0.009871459,0.00015709833,0.009618826,-0.009603551,0.00068080006,0.00996485,-0.009883509,0.00015709833,0.009618826,-0.009603551,0.0,1.0,2.5968491788439394
443,7,47,-0.00025007798,0.009857405,-0.009864199,0.0006549831,0.009980517,-0.009774047,0.00015709833,0.009618826,-0.009603551,0.00015709833,0.009618826,-0.009603551,0.0,1.3828992025720797,1.956887864209901
4775,19,47,-0.00089303625,0.009396272,-0.00990757,0.00015709833,0.009618826,-0.009603551,0.00015709833,0.009618826,-0.009603551,0.00015709833,0.009618826,-0.009603551,0.0,1.0,1.956887864209901
40090,153,53,4.5945886e-05,0.009909647,-0.00964702,0.00015709833,0.009618826,-0.009603551,0.00015709833,0.009618826,-0.009603551,0.00015709833,0.009618826,-0.009603551,0.0,1.0,1.956887864209901
297,6,73,0.00015709833,0.009618826,-0.009603551,0.00015709833,0.009618826,-0.009603551,0.00068080006,0.00996485,-0.009883509,0.00015709833,0.009618826,-0.009603551,0.0,1.0,2.5968491788439394
122,64,46,0.0003120796,0.00982992,-0.0099229375,0.0006549831,0.009980517,-0.009774047,0.00015709833,0.009618826,-0.009603551,0.00015709833,0.009618826,-0.009603551,0.0,1.3828992025720797,1.956887864209901
5900,79,53,0.00039839622,0.008747927,-0.009917067,0.00015709833,0.009618826,-0.009603551,0.00068080006,0.00996485,-0.009883509,0.00015709833,0.009618826,-0.009603551,0.0,1.0,2.5968491788439394
2117,25,47,0.0005428366,0.009636465,-0.00994157,-8.236845e-06,0.009922823,-0.009121787,0.00068080006,0.00996485,-0.009883509,0.00015709833,0.009618826,-0.009603551,0.0,1.4142135623730951,2.5968491788439394
19193,53,52,0.00011243451,0.009935955,-0.0097671095,0.00015709833,0.009618826,-0.009603551,0.00068080006,0.00996485,-0.009883509,0.00015709833,0.009618826,-0.009603551,0.0,1.0,2.5968491788439394
7461,72,45,-0.0004072655,0.009934467,-0.009757952,0.00015709833,0.009618826,-0.009603551,0.00015709833,0.009618826,-0.009603551,0.00015709833,0.009618826,-0.009603551,0.0,1.0,1.956887864209901
5042,31,46,-0.000109868866,0.009787457,-0.009982909,0.00015709833,0.009618826,-0.009603551,0.00015709833,0.009618826,-0.009603551,0.00015709833,0.009618826,-0.009603551,0.0,1.0,1.956887864209901
2389,97,45,0.000114504524,0.009914164,-0.009963501,0.0006549831,0.009980517,-0.009774047,0.00015709833,0.009618826,-0.009603551,0.00015709833,0.009618826,-0.009603551,0.0,1.3828992025720797,1.956887864209901
5368,34,45,4.6516452e-05,0.009864429,-0.009928321,0.00068080006,0.00996485,-0.009883509,0.00068080006,0.00996485,-0.009883509,0.00015709833,0.009618826,-0.009603551,0.0,1.9967620011132508,2.5968491788439394
9485,20,44,0.0005978543,0.0098917745,-0.009952171,0.00015709833,0.009618826,-0.009603551,0.00015709833,0.009618826,-0.009603551,0.00015709833,0.009618826,-0.009603551,0.0,1.0,1.956887864209901
4370,61,51,0.00040890064,0.009728787,-0.009688629,0.00015709833,0.009618826,-0.009603551,-8.236845e-06,0.009922823,-0.009121787,0.00015709833,0.009618826,-0.009603551,0.0,1.0,2.0
8661,36,44,-0.00023245375,0.009914772,-0.009981598,0.00068080006,0.00996485,-0.009883509,-8.236845e-06,0.009922823,-0.009121787,0.00015709833,0.009618826,-0.009603551,0.0,1.9967620011132508,2.0
8816,18,44,-0.0009266221,0.009982215,-0.00963028,0.00015709833,0.009618826,-0.009603551,0.00068080006,0.00996485,-0.009883509,0.00015709833,0.009618826,-0.009603551,0.0,1.0,2.5968491788439394
4718,38,44,0.00024983886,0.009770017,-0.009214241,0.00015709833,0.009618826,-0.009603551,0.00015709833,0.009618826,-0.009603551,0.00015709833,0.009618826,-0.009603551,0.0,1.0,1.956887864209901
1221,10,51,-0.0009530463,0.009886663,-0.009646681,0.00068080006,0.00996485,-0.009883509,0.00068080006,0.00996485,-0.009883509,0.00015709833,0.009618826,-0.009603551,0.0,1.9967620011132508,2.5968491788439394
2747,6,45,-8.430334e-05,0.009628424,-0.009998079,0.00068080006,0.00996485,-0.009883509,0.00015709833,0.009618826,-0.009603551,0.00015709833,0.009618826,-0.009603551,0.0,1.9967620011132508,1.956887864209901
6406,26,50,-0.0009232671,0.009445978,-0.009918785,0.00015709833,0.009618826,-0.009603551,0.00068080006,0.00996485,-0.009883509,0.00015709833,0.009618826,-0.009603551,0.0,1.0,2.5968491788439394
1412,45,44,-0.00032038047,0.0099139,-0.0097564645,0.00068080006,0.00996485,-0.009883509,0.00068080006,0.00996485,-0.009883509,0.00015709833,0.009618826,-0.009603551,0.0,1.9967620011132508,2.5968491788439394
1776,18,44,8.581788e-05,0.00993675,-0.009902483,0.00015709833,0.009618826,-0.009603551,0.00015709833,0.009618826,-0.009603551,0.00015709833,0.009618826,-0.009603551,0.0,1.0,1.956887864209901
9924,69,51,-0.00028207237,0.0099182995,-0.009897887,0.00015709833,0.009618826,-0.009603551,0.00015709833,0.009618826,-0.009603551,0.00015709833,0.009618826,-0.009603551,0.0,1.0,1.956887864209901
5649,121,44,0.000612991,0.009958059,-0.009903475,0.00015709833,0.009618826,-0.009603551,0.00015709833,0.009618826,-0.009603551,0.00015709833,0.009618826,-0.009603551,0.0,1.0,1.956887864209901
2126,39,44,0.00046409245,0.009805566,-0.009512531,0.00015709833,0.009618826,-0.009603551,0.00015709833,0.009618826,-0.009603551,0.00015709833,0.009618826,-0.009603551,0.0,1.0,1.956887864209901
12462,46,43,0.00082815194,0.009862422,-0.009976514,0.00015709833,0.009618826,-0.009603551,0.00015709833,0.009618826,-0.009603551,0.00015709833,0.009618826,-0.009603551,0.0,1.0,1.956887864209901
9164,48,43,-0.00038119312,0.009923819,-0.009713122,0.0006549831,0.009980517,-0.009774047,0.00068080006,0.00996485,-0.009883509,0.00015709833,0.009618826,-0.009603551,0.0,1.3828992025720797,2.5968491788439394
4731,42,43,-0.00032890638,0.009922828,-0.0098455455,0.00015709833,0.009618826,-0.009603551,0.00015709833,0.009618826,-0.009603551,0.00015709833,0.009618826,-0.009603551,0.0,1.0,1.956887864209901
7032,45,50,0.0006765,0.009927469,-0.0098923175,0.00068080006,0.00996485,-0.009883509,-8.236845e-06,0.009922823,-0.009121787,0.00015709833,0.009618826,-0.009603551,0.0,1.9967620011132508,2.0
297,6,73,0.00015709833,0.009618826,-0.009603551,0.00015709833,0.009618826,-0.009603551,0.00068080006,0.00996485,-0.009883509,0.00015709833,0.009618826,-0.009603551,0.0,1.0,2.5968491788439394
1704,20,43,-0.00056155137,0.009498542,-0.009408971,-8.236845e-06,0.009922823,-0.009121787,0.00068080006,0.00996485,-0.009883509,0.00015709833,0.009618826,-0.009603551,0.0,1.4142135623730951,2.5968491788439394
12957,35,43,0.0003023057,0.009890098,-0.009561276,0.00015709833,0.009618826,-0.009603551,0.00015709833,0.009618826,-0.009603551,0.00015709833,0.009618826,-0.009603551,0.0,1.0,1.956887864209901
2278,6,43,-0.0005287154,0.00941531,-0.00944871,0.00068080006,0.00996485,-0.009883509,0.00015709833,0.009618826,-0.009603551,0.00015709833,0.009618826,-0.009603551,0.0,1.9967620011132508,1.956887864209901
79679,59,43,-0.0003994467,0.009935683,-0.009906637,0.00015709833,0.009618826,-0.009603551,0.00068080006,0.00996485,-0.009883509,0.00015709833,0.009618826,-0.009603551,0.0,1.0,2.5968491788439394
46818,17,38,-0.00070956437,0.009643721,-0.009920709,0.00068080006,0.00996485,-0.009883509,0.00068080006,0.00996485,-0.009883509,0.00015709833,0.009618826,-0.009603551,0.0,1.9967620011132508,2.5968491788439394
6642,42,43,-0.0005320848,0.009890754,-0.009855268,0.00015709833,0.009618826,-0.009603551,0.00015709833,0.009618826,-0.009603551,0.00015709833,0.009618826,-0.009603551,0.0,1.0,1.956887864209901
3010,27,42,0.00042169713,0.009995805,-0.009812782,0.00015709833,0.009618826,-0.009603551,0.00015709833,0.009618826,-0.009603551,0.00015709833,0.009618826,-0.009603551,0.0,1.0,1.956887864209901
4421,43,42,0.00034888147,0.009995822,-0.009397064,0.00015709833,0.009618826,-0.009603551,0.00015709833,0.009618826,-0.009603551,0.00015709833,0.009618826,-0.009603551,0.0,1.0,1.956887864209901
12242,49,49,0.0006549831,0.009980517,-0.009774047,0.00015709833,0.009618826,-0.009603551,0.0006549831,0.009980517,-0.009774047,0.00068080006,0.00996485,-0.009883509,1.0,1.0,1.7320508075688772
9522,121,41,-0.00011398897,0.009984603,-0.009917259,0.00015709833,0.009618826,-0.009603551,0.00015709833,0.009618826,-0.009603551,0.00015709833,0.009618826,-0.009603551,0.0,1.0,1.956887864209901
31918,24,47,-0.00018733664,0.009979125,-0.009724812,0.00015709833,0.009618826,-0.009603551,-8.236845e-06,0.009922823,-0.009121787,0.00015709833,0.009618826,-0.009603551,0.0,1.0,2.0
31718,34,41,-0.0006660555,0.009904971,-0.009603318,0.00068080006,0.00996485,-0.009883509,0.00015709833,0.009618826,-0.009603551,0.00015709833,0.009618826,-0.009603551,0.0,1.9967620011132508,1.956887864209901
297,6,73,0.00015709833,0.009618826,-0.009603551,0.00015709833,0.009618826,-0.009603551,0.00068080006,0.00996485,-0.009883509,0.00015709833,0.009618826,-0.009603551,0.0,1.0,2.5968491788439394
9759,75,40,-0.00065137056,0.009674999,-0.009945057,0.00015709833,0.009618826,-0.009603551,0.00015709833,0.009618826,-0.009603551,0.00015709833,0.009618826,-0.009603551,0.0,1.0,1.956887864209901
21340,19,47,-0.000103544655,0.009748787,-0.009445715,0.00068080006,0.00996485,-0.009883509,0.00015709833,0.009618826,-0.009603551,0.00015709833,0.009618826,-0.009603551,0.0,1.9967620011132508,1.956887864209901
64953,67,40,0.00010105738,0.009932295,-0.009583686,0.00015709833,0.009618826,-0.009603551,0.00015709833,0.009618826,-0.009603551,0.00015709833,0.009618826,-0.009603551,0.0,1.0,1.956887864209901
15962,11,40,0.0004640516,0.0097463345,-0.009958863,0.00015709833,0.009618826,-0.009603551,0.00015709833,0.009618826,-0.009603551,0.00015709833,0.009618826,-0.009603551,0.0,1.0,1.956887864209901
687,23,40,0.00021015249,0.009847774,-0.009823008,0.00068080006,0.00996485,-0.009883509,0.00015709833,0.009618826,-0.009603551,0.00015709833,0.009618826,-0.009603551,0.0,1.9967620011132508,1.956887864209901
1185,33,39,-0.00027327257,0.009770293,-0.009916656,0.0006549831,0.009980517,-0.009774047,0.00015709833,0.009618826,-0.009603551,0.00015709833,0.009618826,-0.009603551,0.0,1.3828992025720797,1.956887864209901
721,111,45,-0.00012333097,0.009971177,-0.009925413,0.00068080006,0.00996485,-0.009883509,-8.236845e-06,0.009922823,-0.009121787,0.00015709833,0.009618826,-0.009603551,0.0,1.9967620011132508,2.0
89503,39,39,0.0011007296,0.0098700775,-0.009895755,0.00015709833,0.009618826,-0.009603551,0.00068080006,0.00996485,-0.009883509,0.00015709833,0.009618826,-0.009603551,0.0,1.0,2.5968491788439394
1478,13,42,0.00080420845,0.009689945,-0.009293498,0.00015709833,0.009618826,-0.009603551,0.00068080006,0.00996485,-0.009883509,0.00015709833,0.009618826,-0.009603551,0.0,1.0,2.5968491788439394
60836,29,38,0.00014095068,0.009620923,-0.009805768,0.00015709833,0.009618826,-0.009603551,-8.236845e-06,0.009922823,-0.009121787,0.00015709833,0.009618826,-0.009603551,0.0,1.0,2.0
4933,108,38,-0.00040125195,0.009424681,-0.009889486,-8.236845e-06,0.009922823,-0.009121787,0.00015709833,0.009618826,-0.009603551,0.00015709833,0.009618826,-0.009603551,0.0,1.4142135623730951,1.956887864209901
174727,38,45,0.0014004526,0.009977593,-0.00980994,0.0006549831,0.009980517,-0.009774047,0.00015709833,0.009618826,-0.009603551,0.00015709833,0.009618826,-0.009603551,0.0,1.3828992025720797,1.956887864209901
23186,49,38,0.0012844577,0.009983986,-0.009780383,0.00015709833,0.009618826,-0.009603551,0.00015709833,0.009618826,-0.009603551,0.00015709833,0.009618826,-0.009603551,0.0,1.0,1.956887864209901
16063,30,38,-0.00042779758,0.009712814,-0.009979436,0.00015709833,0.009618826,-0.009603551,0.00015709833,0.009618826,-0.009603551,0.00015709833,0.009618826,-0.009603551,0.0,1.0,1.956887864209901
2039,14,38,3.844681e-06,0.009988216,-0.009692314,0.00068080006,0.00996485,-0.009883509,0.00015709833,0.009618826,-0.009603551,0.00015709833,0.009618826,-0.009603551,0.0,1.9967620011132508,1.956887864209901
1277,30,39,0.00036022466,0.009844699,-0.0098604,0.00068080006,0.00996485,-0.009883509,0.00015709833,0.009618826,-0.009603551,0.00015709833,0.009618826,-0.009603551,0.0,1.9967620011132508,1.956887864209901
54990,8,45,0.00059109664,0.009872586,-0.009672875,0.00015709833,0.009618826,-0.009603551,-0.00018733664,0.009979125,-0.009724812,0.00015709833,0.009618826,-0.009603551,0.0,1.0,1.0
7389,44,37,0.0004884092,0.009862426,-0.0098660495,0.00015709833,0.009618826,-0.009603551,0.00015709833,0.009618826,-0.009603551,0.00015709833,0.009618826,-0.009603551,0.0,1.0,1.956887864209901
2624,82,43,-0.0005032394,0.009836397,-0.009746658,-8.236845e-06,0.009922823,-0.009121787,0.00015709833,0.009618826,-0.009603551,0.00015709833,0.009618826,-0.009603551,0.0,1.4142135623730951,1.956887864209901
8270,72,36,0.0006261602,0.00998629,-0.009506632,0.00015709833,0.009618826,-0.009603551,0.00015709833,0.009618826,-0.009603551,0.00015709833,0.009618826,-0.009603551,0.0,1.0,1.956887864209901
9126,28,35,0.00057964266,0.009990067,-0.009922687,0.00015709833,0.009618826,-0.009603551,0.00068080006,0.00996485,-0.009883509,0.00015709833,0.009618826,-0.009603551,0.0,1.0,2.5968491788439394
5000,33,36,0.00076504453,0.009875978,-0.009940198,-8.236845e-06,0.009922823,-0.009121787,-0.0006660555,0.009904971,-0.009603318,0.00015709833,0.009618826,-0.009603551,0.0,1.4142135623730951,1.7320508075688776
248264,106,34,0.0006363498,0.009908818,-0.009735213,0.00068080006,0.00996485,-0.009883509,0.00015709833,0.009618826,-0.009603551,0.00015709833,0.009618826,-0.009603551,0.0,1.9967620011132508,1.956887864209901
95905,70,35,-0.00031508942,0.009981009,-0.00997681,0.00015709833,0.009618826,-0.009603551,0.00068080006,0.00996485,-0.009883509,0.00015709833,0.009618826,-0.009603551,0.0,1.0,2.5968491788439394
2254,59,180,-0.00031075982,0.009667887,-0.009846418,0.00015709833,0.009618826,-0.009603551,-0.00018733664,0.009979125,-0.009724812,0.00015709833,0.009618826,-0.009603551,0.0,1.0,1.0
4760,43,35,-0.00046954516,0.009780634,-0.009901218,0.00015709833,0.009618826,-0.009603551,0.00068080006,0.00996485,-0.009883509,0.00015709833,0.009618826,-0.009603551,0.0,1.0,2.5968491788439394
6175,50,34,-0.00045509206,0.009911272,-0.00982317,0.00015709833,0.009618826,-0.009603551,0.00015709833,0.009618826,-0.009603551,0.00015709833,0.009618826,-0.009603551,0.0,1.0,1.956887864209901
297,6,73,0.00015709833,0.009618826,-0.009603551,0.00015709833,0.009618826,-0.009603551,0.00068080006,0.00996485,-0.009883509,0.00015709833,0.009618826,-0.009603551,0.0,1.0,2.5968491788439394
297,6,73,0.00015709833,0.009618826,-0.009603551,0.00015709833,0.009618826,-0.009603551,0.00068080006,0.00996485,-0.009883509,0.00015709833,0.009618826,-0.009603551,0.0,1.0,2.5968491788439394
3885,56,38,0.00053539785,0.009719939,-0.009987034,0.00068080006,0.00996485,-0.009883509,0.00068080006,0.00996485,-0.009883509,0.00015709833,0.009618826,-0.009603551,0.0,1.9967620011132508,2.5968491788439394
9517,75,38,0.0003347791,0.009971224,-0.009845861,0.00015709833,0.009618826,-0.009603551,0.00068080006,0.00996485,-0.009883509,0.00015709833,0.009618826,-0.009603551,0.0,1.0,2.5968491788439394
1898,168,38,-3.4230877e-06,0.009818503,-0.00998385,0.00015709833,0.009618826,-0.009603551,0.00068080006,0.00996485,-0.009883509,0.00015709833,0.009618826,-0.009603551,0.0,1.0,2.5968491788439394
6634,42,32,-0.00023813033,0.009971839,-0.009344402,0.00068080006,0.00996485,-0.009883509,0.00015709833,0.009618826,-0.009603551,0.00015709833,0.009618826,-0.009603551,0.0,1.9967620011132508,1.956887864209901
324,72,38,0.0009841175,0.009803518,-0.009902985,-8.236845e-06,0.009922823,-0.009121787,0.00015709833,0.009618826,-0.009603551,0.00015709833,0.009618826,-0.009603551,0.0,1.4142135623730951,1.956887864209901
7473,86,31,0.00086983,0.0099260295,-0.009479835,-8.236845e-06,0.009922823,-0.009121787,0.00015709833,0.009618826,-0.009603551,0.00015709833,0.009618826,-0.009603551,0.0,1.4142135623730951,1.956887864209901
45721,86,30,-0.0005498906,0.009864781,-0.009878572,0.00015709833,0.009618826,-0.009603551,0.00015709833,0.009618826,-0.009603551,0.00015709833,0.009618826,-0.009603551,0.0,1.0,1.956887864209901
4314,10,39,-0.0005720543,0.009963814,-0.009838175,0.00068080006,0.00996485,-0.009883509,0.00015709833,0.009618826,-0.009603551,0.00015709833,0.009618826,-0.009603551,0.0,1.9967620011132508,1.956887864209901
9860,67,28,0.00050670956,0.009987986,-0.009657711,0.00068080006,0.00996485,-0.009883509,0.0006549831,0.009980517,-0.009774047,0.00015709833,0.009618826,-0.009603551,0.0,1.9967620011132508,1.7320508075688772
97190,195,26,-0.00012521239,0.009990313,-0.009894049,0.00015709833,0.009618826,-0.009603551,-8.236845e-06,0.009922823,-0.009121787,0.00015709833,0.009618826,-0.009603551,0.0,1.0,2.0
178747,59,23,0.00013252733,0.009809026,-0.009665208,0.00068080006,0.00996485,-0.009883509,-8.236845e-06,0.009922823,-0.009121787,0.00015709833,0.009618826,-0.009603551,0.0,1.9967620011132508,2.0
79,60,29,-0.00036140747,0.009936986,-0.0099773165,0.00015709833,0.009618826,-0.009603551,0.00015709833,0.009618826,-0.009603551,0.00015709833,0.009618826,-0.009603551,0.0,1.0,1.956887864209901
297,6,73,0.00015709833,0.009618826,-0.009603551,0.00015709833,0.009618826,-0.009603551,0.00068080006,0.00996485,-0.009883509,0.00015709833,0.009618826,-0.009603551,0.0,1.0,2.5968491788439394
332,47,28,0.00019665084,0.009847198,-0.009837792,0.00015709833,0.009618826,-0.009603551,0.0006549831,0.009980517,-0.009774047,0.00015709833,0.009618826,-0.009603551,0.0,1.0,1.7320508075688772
154188,134,25,-0.0006614928,0.00972953,-0.009838595,0.00015709833,0.009618826,-0.009603551,0.00015709833,0.009618826,-0.009603551,0.00015709833,0.009618826,-0.009603551,0.0,1.0,1.956887864209901
1760,22,23,-0.00027401582,0.009891739,-0.009360355,0.00068080006,0.00996485,-0.009883509,0.00015709833,0.009618826,-0.009603551,0.00015709833,0.009618826,-0.009603551,0.0,1.9967620011132508,1.956887864209901
941,15,28,-0.000667738,0.009816702,-0.009616955,-8.236845e-06,0.009922823,-0.009121787,0.00068080006,0.00996485,-0.009883509,0.00015709833,0.009618826,-0.009603551,0.0,1.4142135623730951,2.5968491788439394
4024,18,23,0.00040704326,0.009846863,-0.009984637,0.0006549831,0.009980517,-0.009774047,0.00015709833,0.009618826,-0.009603551,0.00015709833,0.009618826,-0.009603551,0.0,1.3828992025720797,1.956887864209901
6300,29,22,0.00026405626,0.009940562,-0.00969743,0.00015709833,0.009618826,-0.009603551,0.00015709833,0.009618826,-0.009603551,0.00015709833,0.009618826,-0.009603551,0.0,1.0,1.956887864209901
4088,91,22,-0.0009343256,0.009914715,-0.009900536,0.0006549831,0.009980517,-0.009774047,0.00015709833,0.009618826,-0.009603551,0.00015709833,0.009618826,-0.009603551,0.0,1.3828992025720797,1.956887864209901
5611,23,22,0.00071865885,0.009930209,-0.009211073,0.00015709833,0.009618826,-0.009603551,0.00068080006,0.00996485,-0.009883509,0.00015709833,0.009618826,-0.009603551,0.0,1.0,2.5968491788439394
9354,58,21,-0.00014850876,0.009960201,-0.009961548,0.00015709833,0.009618826,-0.009603551,0.00015709833,0.009618826,-0.009603551,0.00015709833,0.009618826,-0.009603551,0.0,1.0,1.956887864209901
2560,22,21,-0.00035689,0.009667677,-0.009795018,0.00015709833,0.009618826,-0.009603551,0.00015709833,0.009618826,-0.009603551,0.00015709833,0.009618826,-0.009603551,0.0,1.0,1.956887864209901
1809,30,21,-0.00015359261,0.00974367,-0.009893929,0.00015709833,0.009618826,-0.009603551,0.00015709833,0.009618826,-0.009603551,0.00015709833,0.009618826,-0.009603551,0.0,1.0,1.956887864209901
6505,41,20,6.879856e-05,0.009661293,-0.009732989,0.00015709833,0.009618826,-0.009603551,0.00015709833,0.009618826,-0.009603551,0.00015709833,0.009618826,-0.009603551,0.0,1.0,1.956887864209901
2265,26,20,0.00011407836,0.009794316,-0.009932266,0.00015709833,0.009618826,-0.009603551,0.00015709833,0.009618826,-0.009603551,0.00015709833,0.009618826,-0.009603551,0.0,1.0,1.956887864209901
933,35,25,-0.0006768073,0.009770614,-0.009904027,0.00015709833,0.009618826,-0.009603551,0.0006549831,0.009980517,-0.009774047,0.00015709833,0.009618826,-0.009603551,0.0,1.0,1.7320508075688772
6945,105,24,0.0011005498,0.009968901,-0.009743405,0.00015709833,0.009618826,-0.009603551,0.00068080006,0.00996485,-0.009883509,0.00015709833,0.009618826,-0.009603551,0.0,1.0,2.5968491788439394
6730,51,24,0.0004437042,0.00991433,-0.009793651,0.00068080006,0.00996485,-0.009883509,-8.236845e-06,0.009922823,-0.009121787,0.00015709833,0.009618826,-0.009603551,0.0,1.9967620011132508,2.0
297,6,73,0.00015709833,0.009618826,-0.009603551,0.00015709833,0.009618826,-0.009603551,0.00068080006,0.00996485,-0.009883509,0.00015709833,0.009618826,-0.009603551,0.0,1.0,2.5968491788439394
45946,78,18,9.025803e-05,0.009753894,-0.009971809,-8.236845e-06,0.009922823,-0.009121787,0.00068080006,0.00996485,-0.009883509,0.00015709833,0.009618826,-0.009603551,0.0,1.4142135623730951,2.5968491788439394
7694,36,19,-0.0010615652,0.009732382,-0.009953121,0.00015709833,0.009618826,-0.009603551,0.00015709833,0.009618826,-0.009603551,0.00015709833,0.009618826,-0.009603551,0.0,1.0,1.956887864209901
2262,16,19,-0.0012258997,0.009731115,-0.009992464,0.00068080006,0.00996485,-0.009883509,0.00015709833,0.009618826,-0.009603551,0.00015709833,0.009618826,-0.009603551,0.0,1.9967620011132508,1.956887864209901
2541,28,19,-0.00032315005,0.009940083,-0.009797131,0.00015709833,0.009618826,-0.009603551,0.00068080006,0.00996485,-0.009883509,0.00015709833,0.009618826,-0.009603551,0.0,1.0,2.5968491788439394
3641,43,24,0.00083812885,0.009665416,-0.0096130585,0.00068080006,0.00996485,-0.009883509,0.00068080006,0.00996485,-0.009883509,0.00015709833,0.009618826,-0.009603551,0.0,1.9967620011132508,2.5968491788439394
2211,85,23,-0.0001696933,0.009521833,-0.009468537,-8.236845e-06,0.009922823,-0.009121787,0.00068080006,0.00996485,-0.009883509,0.00015709833,0.009618826,-0.009603551,0.0,1.4142135623730951,2.5968491788439394
8619,85,18,-0.00044630782,0.009950637,-0.009650672,0.00015709833,0.009618826,-0.009603551,0.00015709833,0.009618826,-0.009603551,0.00015709833,0.009618826,-0.009603551,0.0,1.0,1.956887864209901
7172,29,18,-0.0007313508,0.009751975,-0.009988461,0.00015709833,0.009618826,-0.009603551,0.00015709833,0.009618826,-0.009603551,0.00015709833,0.009618826,-0.009603551,0.0,1.0,1.956887864209901
5755,102,23,0.00019766082,0.009841545,-0.009992783,0.00015709833,0.009618826,-0.009603551,0.00068080006,0.00996485,-0.009883509,0.00015709833,0.009618826,-0.009603551,0.0,1.0,2.5968491788439394
15011,25,18,-1.1502174e-05,0.009584511,-0.00961916,0.00015709833,0.009618826,-0.009603551,-8.236845e-06,0.009922823,-0.009121787,0.00015709833,0.009618826,-0.009603551,0.0,1.0,2.0
4049,59,23,-0.00087312615,0.0097388765,-0.009832194,0.00015709833,0.009618826,-0.009603551,0.00068080006,0.00996485,-0.009883509,0.00015709833,0.009618826,-0.009603551,0.0,1.0,2.5968491788439394
9052,60,23,-4.7973794e-05,0.009918229,-0.009893412,0.00015709833,0.009618826,-0.009603551,0.00068080006,0.00996485,-0.009883509,0.00015709833,0.009618826,-0.009603551,0.0,1.0,2.5968491788439394
5558,43,23,0.00015589877,0.009845141,-0.009633855,0.00015709833,0.009618826,-0.009603551,0.00068080006,0.00996485,-0.009883509,0.00015709833,0.009618826,-0.009603551,0.0,1.0,2.5968491788439394
4211,27,18,0.00030826498,0.009857407,-0.009891084,0.00015709833,0.009618826,-0.009603551,0.00068080006,0.00996485,-0.009883509,0.00015709833,0.009618826,-0.009603551,0.0,1.0,2.5968491788439394
7022,47,18,-0.00031625875,0.009987736,-0.009985949,0.00015709833,0.009618826,-0.009603551,-8.236845e-06,0.009922823,-0.009121787,0.00015709833,0.009618826,-0.009603551,0.0,1.0,2.0
3538,16,18,0.00047590368,0.0098941885,-0.009852274,0.00015709833,0.009618826,-0.009603551,-0.00018733664,0.009979125,-0.009724812,0.00015709833,0.009618826,-0.009603551,0.0,1.0,1.0
8712,43,22,0.00021323934,0.00989344,-0.009900422,0.00015709833,0.009618826,-0.009603551,0.00015709833,0.009618826,-0.009603551,0.00015709833,0.009618826,-0.009603551,0.0,1.0,1.956887864209901
30564,81,21,0.00026947598,0.009960921,-0.009906322,0.00068080006,0.00996485,-0.009883509,0.00015709833,0.009618826,-0.009603551,0.00068080006,0.00996485,-0.009883509,1.0,1.9967620011132508,1.956887864209901
8256,7,22,-0.0006696599,0.00981267,-0.009968647,0.00068080006,0.00996485,-0.009883509,0.00068080006,0.00996485,-0.009883509,0.00015709833,0.009618826,-0.009603551,0.0,1.9967620011132508,2.5968491788439394
6455,47,16,-4.3555367e-05,0.009496692,-0.00988416,0.00015709833,0.009618826,-0.009603551,0.00068080006,0.00996485,-0.009883509,0.00015709833,0.009618826,-0.009603551,0.0,1.0,2.5968491788439394
2566,153,16,-0.00010279632,0.009584542,-0.009793349,0.00068080006,0.00996485,-0.009883509,0.00015709833,0.009618826,-0.009603551,0.00015709833,0.009618826,-0.009603551,0.0,1.9967620011132508,1.956887864209901
4724,35,16,-0.00033169254,0.009800233,-0.009763364,0.00068080006,0.00996485,-0.009883509,0.00015709833,0.009618826,-0.009603551,0.00015709833,0.009618826,-0.009603551,0.0,1.9967620011132508,1.956887864209901
3224,139,21,-0.00034196765,0.009782335,-0.009750564,0.00015709833,0.009618826,-0.009603551,0.00068080006,0.00996485,-0.009883509,0.00068080006,0.00996485,-0.009883509,1.0,1.0,2.5968491788439394
18720,39,15,-0.00038490468,0.00956741,-0.00981057,0.00015709833,0.009618826,-0.009603551,0.00068080006,0.00996485,-0.009883509,0.00015709833,0.009618826,-0.009603551,0.0,1.0,2.5968491788439394
1101,17,15,-0.00059379154,0.009883621,-0.0098186955,0.00068080006,0.00996485,-0.009883509,0.00068080006,0.00996485,-0.009883509,0.00015709833,0.009618826,-0.009603551,0.0,1.9967620011132508,2.5968491788439394
488,17,15,0.0002299859,0.0099984445,-0.009984863,-8.236845e-06,0.009922823,-0.009121787,0.00068080006,0.00996485,-0.009883509,0.00015709833,0.009618826,-0.009603551,0.0,1.4142135623730951,2.5968491788439394
73062,37,20,-0.0011881578,0.009728257,-0.009737888,0.00015709833,0.009618826,-0.009603551,0.00068080006,0.00996485,-0.009883509,0.00015709833,0.009618826,-0.009603551,0.0,1.0,2.5968491788439394
186222,59,20,0.00019921697,0.009991947,-0.009874962,0.00015709833,0.009618826,-0.009603551,0.00068080006,0.00996485,-0.009883509,0.00015709833,0.009618826,-0.009603551,0.0,1.0,2.5968491788439394
297,6,73,0.00015709833,0.009618826,-0.009603551,0.00015709833,0.009618826,-0.009603551,0.00068080006,0.00996485,-0.009883509,0.00015709833,0.009618826,-0.009603551,0.0,1.0,2.5968491788439394
54389,32,15,0.000517797,0.009889386,-0.009827508,0.0006549831,0.009980517,-0.009774047,0.00015709833,0.009618826,-0.009603551,0.00015709833,0.009618826,-0.009603551,0.0,1.3828992025720797,1.956887864209901
14320,37,20,0.0007206338,0.009984345,-0.009985511,0.00068080006,0.00996485,-0.009883509,0.00068080006,0.00996485,-0.009883509,0.00015709833,0.009618826,-0.009603551,0.0,1.9967620011132508,2.5968491788439394
724,17,15,0.0007344743,0.009815475,-0.009845105,-8.236845e-06,0.009922823,-0.009121787,0.00068080006,0.00996485,-0.009883509,0.00015709833,0.009618826,-0.009603551,0.0,1.4142135623730951,2.5968491788439394
1979,26,15,0.0007029072,0.009811882,-0.0099728275,0.0006549831,0.009980517,-0.009774047,0.00068080006,0.00996485,-0.009883509,0.00015709833,0.009618826,-0.009603551,0.0,1.3828992025720797,2.5968491788439394
19412,25,15,-0.0006667319,0.009909701,-0.009999773,-8.236845e-06,0.009922823,-0.009121787,0.00015709833,0.009618826,-0.009603551,0.00015709833,0.009618826,-0.009603551,0.0,1.4142135623730951,1.956887864209901
5580,14,15,-2.740119e-05,0.009726455,-0.009836062,0.00015709833,0.009618826,-0.009603551,0.00068080006,0.00996485,-0.009883509,0.00015709833,0.009618826,-0.009603551,0.0,1.0,2.5968491788439394
5471,64,15,-0.0004709818,0.009567123,-0.009545998,0.00015709833,0.009618826,-0.009603551,0.00068080006,0.00996485,-0.009883509,0.00015709833,0.009618826,-0.009603551,0.0,1.0,2.5968491788439394
2627,38,15,0.00042381513,0.009934071,-0.0097023025,0.0006549831,0.009980517,-0.009774047,0.00015709833,0.009618826,-0.009603551,0.00015709833,0.009618826,-0.009603551,0.0,1.3828992025720797,1.956887864209901
9011,72,20,-2.049827e-05,0.009877201,-0.009755761,0.00015709833,0.009618826,-0.009603551,-8.236845e-06,0.009922823,-0.009121787,0.00015709833,0.009618826,-0.009603551,0.0,1.0,2.0
5450,74,14,-0.0006227759,0.009839825,-0.009851813,0.00068080006,0.00996485,-0.009883509,0.00015709833,0.009618826,-0.009603551,0.00015709833,0.009618826,-0.009603551,0.0,1.9967620011132508,1.956887864209901
14543,45,14,-0.0016886959,0.009396075,-0.009917783,0.00015709833,0.009618826,-0.009603551,0.00068080006,0.00996485,-0.009883509,0.00015709833,0.009618826,-0.009603551,0.0,1.0,2.5968491788439394
1941,50,14,0.00021609107,0.009913585,-0.009871718,0.0006549831,0.009980517,-0.009774047,0.00015709833,0.009618826,-0.009603551,0.00015709833,0.009618826,-0.009603551,0.0,1.3828992025720797,1.956887864209901
151583,33,14,0.00026678137,0.009872828,-0.009792188,0.00015709833,0.009618826,-0.009603551,0.00015709833,0.009618826,-0.009603551,0.00015709833,0.009618826,-0.009603551,0.0,1.0,1.956887864209901
44332,104,19,1.5892989e-05,0.009543062,-0.00981601,0.00068080006,0.00996485,-0.009883509,0.00068080006,0.00996485,-0.009883509,0.00015709833,0.009618826,-0.009603551,0.0,1.9967620011132508,2.5968491788439394
10597,5,14,-0.0006026364,0.009729725,-0.009821269,0.00015709833,0.009618826,-0.009603551,0.00068080006,0.00996485,-0.009883509,0.00015709833,0.009618826,-0.009603551,0.0,1.0,2.5968491788439394
26930,52,19,-0.00094586035,0.009879414,-0.00992051,0.00015709833,0.009618826,-0.009603551,0.00068080006,0.00996485,-0.009883509,0.00015709833,0.009618826,-0.009603551,0.0,1.0,2.5968491788439394
1987,22,14,-0.00089404365,0.009967531,-0.009942626,0.0006549831,0.009980517,-0.009774047,0.00015709833,0.009618826,-0.009603551,0.00015709833,0.009618826,-0.009603551,0.0,1.3828992025720797,1.956887864209901
4176,30,14,-0.000452898,0.009914737,-0.009613994,0.00068080006,0.00996485,-0.009883509,0.00015709833,0.009618826,-0.009603551,0.00015709833,0.009618826,-0.009603551,0.0,1.9967620011132508,1.956887864209901
8108,42,14,-0.00026315192,0.009883188,-0.00982592,-8.236845e-06,0.009922823,-0.009121787,0.00068080006,0.00996485,-0.009883509,0.00015709833,0.009618826,-0.009603551,0.0,1.4142135623730951,2.5968491788439394
27123,12,14,0.00042739906,0.009788505,-0.009856968,0.00015709833,0.009618826,-0.009603551,-8.236845e-06,0.009922823,-0.009121787,0.00015709833,0.009618826,-0.009603551,0.0,1.0,2.0
23648,78,19,-0.0009578879,0.009705664,-0.009999684,0.00015709833,0.009618826,-0.009603551,0.00068080006,0.00996485,-0.009883509,0.00068080006,0.00996485,-0.009883509,1.0,1.0,2.5968491788439394
1964,160,19,0.00066891976,0.009576827,-0.009298564,0.00068080006,0.00996485,-0.009883509,0.00068080006,0.00996485,-0.009883509,0.00015709833,0.009618826,-0.009603551,0.0,1.9967620011132508,2.5968491788439394
60741,56,19,-0.0002989894,0.009985225,-0.009947308,-8.236845e-06,0.009922823,-0.009121787,-8.236845e-06,0.009922823,-0.009121787,0.00015709833,0.009618826,-0.009603551,0.0,1.4142135623730951,2.0
104080,97,19,-0.00042053915,0.009994921,-0.009637689,0.00015709833,0.009618826,-0.009603551,-0.00018733664,0.009979125,-0.009724812,0.00015709833,0.009618826,-0.009603551,0.0,1.0,1.0
2923,82,13,-0.00038550564,0.0099649895,-0.009368075,0.00015709833,0.009618826,-0.009603551,-8.236845e-06,0.009922823,-0.009121787,0.00068080006,0.00996485,-0.009883509,1.0,1.0,2.0
17546,58,18,-0.0003351767,0.009540234,-0.009615424,0.00015709833,0.009618826,-0.009603551,0.00015709833,0.009618826,-0.009603551,0.00068080006,0.00996485,-0.009883509,1.0,1.0,1.956887864209901
8219,15,18,-2.439702e-06,0.009931898,-0.009612642,0.0006549831,0.009980517,-0.009774047,0.00068080006,0.00996485,-0.009883509,0.00015709833,0.009618826,-0.009603551,0.0,1.3828992025720797,2.5968491788439394
6074,48,13,0.00059837446,0.009529593,-0.009859369,0.00068080006,0.00996485,-0.009883509,0.00015709833,0.009618826,-0.009603551,0.00015709833,0.009618826,-0.009603551,0.0,1.9967620011132508,1.956887864209901
3307,19,13,-0.0004539365,0.009998127,-0.009557655,0.0006549831,0.009980517,-0.009774047,0.00015709833,0.009618826,-0.009603551,0.00015709833,0.009618826,-0.009603551,0.0,1.3828992025720797,1.956887864209901
10189,52,18,-0.0002533161,0.009982249,-0.009880274,0.00015709833,0.009618826,-0.009603551,-8.236845e-06,0.009922823,-0.009121787,0.00015709833,0.009618826,-0.009603551,0.0,1.0,2.0
9469,56,18,-0.00036531492,0.00994183,-0.009891026,0.00015709833,0.009618826,-0.009603551,0.00068080006,0.00996485,-0.009883509,0.00015709833,0.009618826,-0.009603551,0.0,1.0,2.5968491788439394
4342,8,13,0.00065622135,0.00983974,-0.009982393,0.00068080006,0.00996485,-0.009883509,0.00068080006,0.00996485,-0.009883509,0.00015709833,0.009618826,-0.009603551,0.0,1.9967620011132508,2.5968491788439394
5881,36,13,0.000450042,0.009851371,-0.009786503,0.00068080006,0.00996485,-0.009883509,0.00015709833,0.009618826,-0.009603551,0.00015709833,0.009618826,-0.009603551,0.0,1.9967620011132508,1.956887864209901
8860,28,18,-0.0002852891,0.009730224,-0.009184985,0.00068080006,0.00996485,-0.009883509,0.00068080006,0.00996485,-0.009883509,0.00015709833,0.009618826,-0.009603551,0.0,1.9967620011132508,2.5968491788439394
80324,56,13,0.0004453075,0.00982016,-0.009749309,0.00015709833,0.009618826,-0.009603551,0.00015709833,0.009618826,-0.009603551,0.00015709833,0.009618826,-0.009603551,0.0,1.0,1.956887864209901
3270,16,5,-0.0004398944,0.009926665,-0.009664441,0.0006549831,0.009980517,-0.009774047,0.00068080006,0.00996485,-0.009883509,0.00015709833,0.009618826,-0.009603551,0.0,1.3828992025720797,2.5968491788439394
1560,15,15,-8.3476974e-05,0.009895983,-0.009974812,0.00068080006,0.00996485,-0.009883509,0.00068080006,0.00996485,-0.009883509,0.00015709833,0.009618826,-0.009603551,0.0,1.9967620011132508,2.5968491788439394
4177,36,4,3.339537e-05,0.009881621,-0.009916663,0.00015709833,0.009618826,-0.009603551,0.00068080006,0.00996485,-0.009883509,0.00015709833,0.009618826,-0.009603551,0.0,1.0,2.5968491788439394
11195,21,3,-0.00018534862,0.009489625,-0.009898159,0.00068080006,0.00996485,-0.009883509,0.00068080006,0.00996485,-0.009883509,0.00015709833,0.009618826,-0.009603551,0.0,1.9967620011132508,2.5968491788439394
53817,24,3,0.0010161848,0.009867069,-0.009824563,0.00015709833,0.009618826,-0.009603551,0.00068080006,0.00996485,-0.009883509,0.00015709833,0.009618826,-0.009603551,0.0,1.0,2.5968491788439394
297,6,73,0.00015709833,0.009618826,-0.009603551,0.00015709833,0.009618826,-0.009603551,0.00068080006,0.00996485,-0.009883509,0.00015709833,0.009618826,-0.009603551,0.0,1.0,2.5968491788439394
82996,53,16,-0.00042131435,0.009813829,-0.0099107,0.00068080006,0.00996485,-0.009883509,0.00015709833,0.009618826,-0.009603551,0.00015709833,0.009618826,-0.009603551,0.0,1.9967620011132508,1.956887864209901
1930,42,3,-7.7728415e-05,0.009401855,-0.009908743,0.00015709833,0.009618826,-0.009603551,0.00015709833,0.009618826,-0.009603551,0.00015709833,0.009618826,-0.009603551,0.0,1.0,1.956887864209901
56054,38,16,-0.0008700314,0.009933187,-0.009919051,0.00015709833,0.009618826,-0.009603551,0.00068080006,0.00996485,-0.009883509,0.00015709833,0.009618826,-0.009603551,0.0,1.0,2.5968491788439394
5544,54,2,-0.0010313073,0.009800459,-0.009773722,0.00015709833,0.009618826,-0.009603551,0.00068080006,0.00996485,-0.009883509,0.00015709833,0.009618826,-0.009603551,0.0,1.0,2.5968491788439394
6140,13,3,-6.496563e-06,0.009614316,-0.009888287,0.00068080006,0.00996485,-0.009883509,0.00068080006,0.00996485,-0.009883509,0.00015709833,0.009618826,-0.009603551,0.0,1.9967620011132508,2.5968491788439394
17147,106,3,-0.00021016347,0.009733231,-0.00981873,0.00015709833,0.009618826,-0.009603551,-8.236845e-06,0.009922823,-0.009121787,0.00015709833,0.009618826,-0.009603551,0.0,1.0,2.0
10533,32,3,-0.0005768912,0.009609913,-0.009644725,0.00015709833,0.009618826,-0.009603551,0.00068080006,0.00996485,-0.009883509,0.00015709833,0.009618826,-0.009603551,0.0,1.0,2.5968491788439394
8223,58,6,7.920025e-05,0.009884272,-0.009777843,0.00015709833,0.009618826,-0.009603551,0.00015709833,0.009618826,-0.009603551,0.00015709833,0.009618826,-0.009603551,0.0,1.0,1.956887864209901
331,63,15,-0.00044300064,0.009662894,-0.009999681,0.00015709833,0.009618826,-0.009603551,-8.236845e-06,0.009922823,-0.009121787,0.00015709833,0.009618826,-0.009603551,0.0,1.0,2.0
3272,39,2,-0.00040857986,0.009720663,-0.009577277,0.00015709833,0.009618826,-0.009603551,0.00015709833,0.009618826,-0.009603551,0.00015709833,0.009618826,-0.009603551,0.0,1.0,1.956887864209901
15023,41,2,0.00023581766,0.009671219,-0.009112558,0.00015709833,0.009618826,-0.009603551,0.00068080006,0.00996485,-0.009883509,0.00015709833,0.009618826,-0.009603551,0.0,1.0,2.5968491788439394
1982,22,2,-0.00048229354,0.009402999,-0.009472245,-8.236845e-06,0.009922823,-0.009121787,0.00068080006,0.00996485,-0.009883509,0.00015709833,0.009618826,-0.009603551,0.0,1.4142135623730951,2.5968491788439394
2497,45,15,1.36755225e-05,0.009801456,-0.009998223,0.00015709833,0.009618826,-0.009603551,0.00015709833,0.009618826,-0.009603551,0.00015709833,0.009618826,-0.009603551,0.0,1.0,1.956887864209901
2523,54,2,-0.0006855788,0.009119481,-0.009647084,0.00015709833,0.009618826,-0.009603551,0.00068080006,0.00996485,-0.009883509,0.00015709833,0.009618826,-0.009603551,0.0,1.0,2.5968491788439394
297027,120,15,0.0002878435,0.009961169,-0.009624618,0.00015709833,0.009618826,-0.009603551,0.00068080006,0.00996485,-0.009883509,0.00015709833,0.009618826,-0.009603551,0.0,1.0,2.5968491788439394
21662,45,15,-1.9080826e-05,0.009947036,-0.009995886,-8.236845e-06,0.009922823,-0.009121787,0.00068080006,0.00996485,-0.009883509,0.00015709833,0.009618826,-0.009603551,0.0,1.4142135623730951,2.5968491788439394
5581,52,8,-0.0002228726,0.009804077,-0.009887847,0.00015709833,0.009618826,-0.009603551,0.00015709833,0.009618826,-0.009603551,0.00015709833,0.009618826,-0.009603551,0.0,1.0,1.956887864209901
1297,57,15,0.0006059264,0.009965951,-0.009614706,-8.236845e-06,0.009922823,-0.009121787,0.00068080006,0.00996485,-0.009883509,0.00015709833,0.009618826,-0.009603551,0.0,1.4142135623730951,2.5968491788439394
53003,102,14,-0.0003968202,0.009871591,-0.00993899,0.00068080006,0.00996485,-0.009883509,0.00015709833,0.009618826,-0.009603551,0.00015709833,0.009618826,-0.009603551,0.0,1.9967620011132508,1.956887864209901
114410,49,14,-0.0004585162,0.009590511,-0.009913061,0.00015709833,0.009618826,-0.009603551,0.00068080006,0.00996485,-0.009883509,0.00015709833,0.009618826,-0.009603551,0.0,1.0,2.5968491788439394
297,6,73,0.00015709833,0.009618826,-0.009603551,0.00015709833,0.009618826,-0.009603551,0.00068080006,0.00996485,-0.009883509,0.00015709833,0.009618826,-0.009603551,0.0,1.0,2.5968491788439394
2869,32,1,-0.00045435186,0.0094039105,-0.009873514,0.00015709833,0.009618826,-0.009603551,-8.236845e-06,0.009922823,-0.009121787,0.00015709833,0.009618826,-0.009603551,0.0,1.0,2.0
8766,38,14,-0.0008471015,0.009868097,-0.009978495,0.00015709833,0.009618826,-0.009603551,0.00015709833,0.009618826,-0.009603551,0.00015709833,0.009618826,-0.009603551,0.0,1.0,1.956887864209901
41750,116,8,0.00056412676,0.009787152,-0.009966732,0.00068080006,0.00996485,-0.009883509,0.00015709833,0.009618826,-0.009603551,0.00015709833,0.009618826,-0.009603551,0.0,1.9967620011132508,1.956887864209901
13333,64,14,-0.0011727901,0.009646485,-0.009936473,0.00015709833,0.009618826,-0.009603551,0.00015709833,0.009618826,-0.009603551,0.00015709833,0.009618826,-0.009603551,0.0,1.0,1.956887864209901
52298,24,1,-0.000100365796,0.009859957,-0.009997506,0.00015709833,0.009618826,-0.009603551,-8.236845e-06,0.009922823,-0.009121787,0.00015709833,0.009618826,-0.009603551,0.0,1.0,2.0
1727,31,14,-2.8454848e-05,0.0099622365,-0.00977672,-8.236845e-06,0.009922823,-0.009121787,-8.236845e-06,0.009922823,-0.009121787,0.00015709833,0.009618826,-0.009603551,0.0,1.4142135623730951,2.0
8467,53,14,-0.00058060704,0.009915752,-0.009963045,0.00015709833,0.009618826,-0.009603551,0.00015709833,0.009618826,-0.009603551,0.00015709833,0.009618826,-0.009603551,0.0,1.0,1.956887864209901
8871,44,14,-0.0006830496,0.009849301,-0.009966389,0.00015709833,0.009618826,-0.009603551,0.00015709833,0.009618826,-0.009603551,0.00015709833,0.009618826,-0.009603551,0.0,1.0,1.956887864209901
140747,156,14,0.0011005132,0.009923973,-0.009845746,0.00015709833,0.009618826,-0.009603551,-8.236845e-06,0.009922823,-0.009121787,0.00015709833,0.009618826,-0.009603551,0.0,1.0,2.0
45015,77,14,5.1291772e-05,0.009995549,-0.009633141,0.00015709833,0.009618826,-0.009603551,-8.236845e-06,0.009922823,-0.009121787,0.00015709833,0.009618826,-0.009603551,0.0,1.0,2.0
13811,84,14,-0.00038091667,0.009886008,-0.009950602,0.00015709833,0.009618826,-0.009603551,0.00015709833,0.009618826,-0.009603551,0.00015709833,0.009618826,-0.009603551,0.0,1.0,1.956887864209901
127395,142,4,-9.4085175e-05,0.009721593,-0.009888152,-8.236845e-06,0.009922823,-0.009121787,-8.236845e-06,0.009922823,-0.009121787,0.00068080006,0.00996485,-0.009883509,1.0,1.4142135623730951,2.0
7541,14,14,-0.00072076917,0.00971474,-0.009449496,0.00068080006,0.00996485,-0.009883509,0.00015709833,0.009618826,-0.009603551,0.00015709833,0.009618826,-0.009603551,0.0,1.9967620011132508,1.956887864209901
7362,30,4,-0.0014508964,0.009902831,-0.009982603,0.00015709833,0.009618826,-0.009603551,0.00015709833,0.009618826,-0.009603551,0.00015709833,0.009618826,-0.009603551,0.0,1.0,1.956887864209901
171461,29,13,0.0010029066,0.009993084,-0.009659434,0.00015709833,0.009618826,-0.009603551,-8.236845e-06,0.009922823,-0.009121787,0.00015709833,0.009618826,-0.009603551,0.0,1.0,2.0
4321,39,4,0.00011040816,0.009623873,-0.009527316,-8.236845e-06,0.009922823,-0.009121787,0.00015709833,0.009618826,-0.009603551,0.00015709833,0.009618826,-0.009603551,0.0,1.4142135623730951,1.956887864209901
34069,20,0,-0.0002723371,0.009696753,-0.009880661,0.0006549831,0.009980517,-0.009774047,-8.236845e-06,0.009922823,-0.009121787,0.00015709833,0.009618826,-0.009603551,0.0,1.3828992025720797,2.0
104969,12,11,0.0011480439,0.009962899,-0.009971339,0.00015709833,0.009618826,-0.009603551,0.00015709833,0.009618826,-0.009603551,0.00015709833,0.009618826,-0.009603551,0.0,1.0,1.956887864209901
37219,39,13,0.000398634,0.009827472,-0.009958196,0.00015709833,0.009618826,-0.009603551,0.0006549831,0.009980517,-0.009774047,0.00015709833,0.009618826,-0.009603551,0.0,1.0,1.7320508075688772
9679,80,13,-0.000831272,0.009876337,-0.009530151,0.00015709833,0.009618826,-0.009603551,0.00068080006,0.00996485,-0.009883509,0.00015709833,0.009618826,-0.009603551,0.0,1.0,2.5968491788439394
110605,99,4,0.0007610488,0.009969485,-0.009886384,0.00015709833,0.009618826,-0.009603551,0.00015709833,0.009618826,-0.009603551,0.00015709833,0.009618826,-0.009603551,0.0,1.0,1.956887864209901
14643,54,4,-0.00046386066,0.009874739,-0.009812202,0.00068080006,0.00996485,-0.009883509,0.00015709833,0.009618826,-0.009603551,0.00015709833,0.009618826,-0.009603551,0.0,1.9967620011132508,1.956887864209901
7577,67,13,-0.0005161923,0.009661024,-0.0099630095,0.00015709833,0.009618826,-0.009603551,0.00015709833,0.009618826,-0.009603551,0.00015709833,0.009618826,-0.009603551,0.0,1.0,1.956887864209901
56606,176,3,-0.000105403495,0.00988111,-0.0098258145,0.00015709833,0.009618826,-0.009603551,-8.236845e-06,0.009922823,-0.009121787,0.00015709833,0.009618826,-0.009603551,0.0,1.0,2.0
3167,48,12,0.0010278072,0.009812175,-0.009868812,0.00015709833,0.009618826,-0.009603551,-8.236845e-06,0.009922823,-0.009121787,0.00015709833,0.009618826,-0.009603551,0.0,1.0,2.0
192581,37,12,-0.0006824918,0.009857137,-0.009952384,0.00015709833,0.009618826,-0.009603551,0.00068080006,0.00996485,-0.009883509,0.00015709833,0.009618826,-0.009603551,0.0,1.0,2.5968491788439394
110937,106,3,0.00024355024,0.009768967,-0.009592928,0.00015709833,0.009618826,-0.009603551,0.00015709833,0.009618826,-0.009603551,0.00015709833,0.009618826,-0.009603551,0.0,1.0,1.956887864209901
3348,38,3,0.000114837705,0.009702292,-0.008822245,0.00068080006,0.00996485,-0.009883509,0.00015709833,0.009618826,-0.009603551,0.00015709833,0.009618826,-0.009603551,0.0,1.9967620011132508,1.956887864209901
19914,136,12,0.000109837514,0.009961094,-0.00982927,-8.236845e-06,0.009922823,-0.009121787,0.00015709833,0.009618826,-0.009603551,0.00015709833,0.009618826,-0.009603551,0.0,1.4142135623730951,1.956887864209901
30766,14,12,0.00062317506,0.0099045755,-0.0094367135,0.00015709833,0.009618826,-0.009603551,0.00015709833,0.009618826,-0.009603551,0.00015709833,0.009618826,-0.009603551,0.0,1.0,1.956887864209901
3181,30,12,0.0009386055,0.0099283485,-0.009882092,0.0006549831,0.009980517,-0.009774047,0.00015709833,0.009618826,-0.009603551,0.00015709833,0.009618826,-0.009603551,0.0,1.3828992025720797,1.956887864209901
60838,140,4,0.0005766984,0.009971145,-0.009720956,0.00015709833,0.009618826,-0.009603551,0.00015709833,0.009618826,-0.009603551,0.00015709833,0.009618826,-0.009603551,0.0,1.0,1.956887864209901
6808,93,1,-0.0015850593,0.009417287,-0.0098510375,0.00068080006,0.00996485,-0.009883509,0.00068080006,0.00996485,-0.009883509,0.00015709833,0.009618826,-0.009603551,0.0,1.9967620011132508,2.5968491788439394
297,6,73,0.00015709833,0.009618826,-0.009603551,0.00015709833,0.009618826,-0.009603551,0.00068080006,0.00996485,-0.009883509,0.00015709833,0.009618826,-0.009603551,0.0,1.0,2.5968491788439394
297,6,73,0.00015709833,0.009618826,-0.009603551,0.00015709833,0.009618826,-0.009603551,0.00068080006,0.00996485,-0.009883509,0.00015709833,0.009618826,-0.009603551,0.0,1.0,2.5968491788439394
3254,49,10,-0.00079980073,0.009983689,-0.009948938,0.00015709833,0.009618826,-0.009603551,0.00015709833,0.009618826,-0.009603551,0.00015709833,0.009618826,-0.009603551,0.0,1.0,1.956887864209901
169384,85,10,-0.0002195501,0.009833749,-0.009997751,0.00068080006,0.00996485,-0.009883509,-8.236845e-06,0.009922823,-0.009121787,0.00015709833,0.009618826,-0.009603551,0.0,1.9967620011132508,2.0
2081,83,10,0.00035894293,0.009887937,-0.009463174,-8.236845e-06,0.009922823,-0.009121787,0.00015709833,0.009618826,-0.009603551,0.00015709833,0.009618826,-0.009603551,0.0,1.4142135623730951,1.956887864209901
3412,96,10,-0.00023540757,0.009721453,-0.009959996,0.00015709833,0.009618826,-0.009603551,0.00068080006,0.00996485,-0.009883509,0.00015709833,0.009618826,-0.009603551,0.0,1.0,2.5968491788439394
12817,17,3,7.1780385e-05,0.009814165,-0.009653355,0.00015709833,0.009618826,-0.009603551,0.00015709833,0.009618826,-0.009603551,0.00015709833,0.009618826,-0.009603551,0.0,1.0,1.956887864209901
5090,37,2,-0.00069510296,0.009872556,-0.009923482,0.00015709833,0.009618826,-0.009603551,0.00068080006,0.00996485,-0.009883509,0.00015709833,0.009618826,-0.009603551,0.0,1.0,2.5968491788439394
9117,127,9,-0.00012374732,0.009802904,-0.0099593345,0.00015709833,0.009618826,-0.009603551,0.00015709833,0.009618826,-0.009603551,0.00015709833,0.009618826,-0.009603551,0.0,1.0,1.956887864209901
2738,71,9,0.0009346551,0.009891382,-0.00946575,0.00015709833,0.009618826,-0.009603551,-8.236845e-06,0.009922823,-0.009121787,0.00015709833,0.009618826,-0.009603551,0.0,1.0,2.0
297,6,73,0.00015709833,0.009618826,-0.009603551,0.00015709833,0.009618826,-0.009603551,0.00068080006,0.00996485,-0.009883509,0.00015709833,0.009618826,-0.009603551,0.0,1.0,2.5968491788439394
11718,26,2,-0.00039564792,0.009999151,-0.009963018,0.00015709833,0.009618826,-0.009603551,0.00015709833,0.009618826,-0.009603551,0.00015709833,0.009618826,-0.009603551,0.0,1.0,1.956887864209901
7878,31,9,-0.0006090653,0.009997875,-0.009647008,0.00068080006,0.00996485,-0.009883509,0.00015709833,0.009618826,-0.009603551,0.00015709833,0.009618826,-0.009603551,0.0,1.9967620011132508,1.956887864209901
297,6,73,0.00015709833,0.009618826,-0.009603551,0.00015709833,0.009618826,-0.009603551,0.00068080006,0.00996485,-0.009883509,0.00015709833,0.009618826,-0.009603551,0.0,1.0,2.5968491788439394
22952,113,2,0.00066544604,0.0098998165,-0.00988289,0.00068080006,0.00996485,-0.009883509,0.0006549831,0.009980517,-0.009774047,0.00015709833,0.009618826,-0.009603551,0.0,1.9967620011132508,1.7320508075688772
95258,102,8,-0.0011796363,0.009869015,-0.009873194,-8.236845e-06,0.009922823,-0.009121787,0.00068080006,0.00996485,-0.009883509,0.00068080006,0.00996485,-0.009883509,1.0,1.4142135623730951,2.5968491788439394
3227,69,8,-0.00041751732,0.009906394,-0.00964841,0.00015709833,0.009618826,-0.009603551,-8.236845e-06,0.009922823,-0.009121787,0.00015709833,0.009618826,-0.009603551,0.0,1.0,2.0
7073,45,4,-0.00017273147,0.009763121,-0.009932539,0.00015709833,0.009618826,-0.009603551,0.00015709833,0.009618826,-0.009603551,0.00015709833,0.009618826,-0.009603551,0.0,1.0,1.956887864209901
17779,44,8,-0.00027427182,0.009901431,-0.00977489,0.00015709833,0.009618826,-0.009603551,-8.236845e-06,0.009922823,-0.009121787,0.00015709833,0.009618826,-0.009603551,0.0,1.0,2.0
2686,75,1,-0.0005936244,0.0098916665,-0.009940817,0.00015709833,0.009618826,-0.009603551,0.00068080006,0.00996485,-0.009883509,0.00015709833,0.009618826,-0.009603551,0.0,1.0,2.5968491788439394
21887,130,8,0.0002540274,0.009213615,-0.009970725,0.00068080006,0.00996485,-0.009883509,-8.236845e-06,0.009922823,-0.009121787,0.00068080006,0.00996485,-0.009883509,1.0,1.9967620011132508,2.0
5132,113,2,-0.00028425548,0.009975747,-0.009888717,0.00015709833,0.009618826,-0.009603551,0.00068080006,0.00996485,-0.009883509,0.00068080006,0.00996485,-0.009883509,1.0,1.0,2.5968491788439394
3174,32,1,-4.5800766e-06,0.009693721,-0.009940496,0.00015709833,0.009618826,-0.009603551,0.00068080006,0.00996485,-0.009883509,0.00015709833,0.009618826,-0.009603551,0.0,1.0,2.5968491788439394
8599,163,7,-0.0010682656,0.0097022895,-0.009791362,0.00068080006,0.00996485,-0.009883509,-8.236845e-06,0.009922823,-0.009121787,0.00015709833,0.009618826,-0.009603551,0.0,1.9967620011132508,2.0
8401,47,1,-0.000759136,0.009958301,-0.009821007,0.00015709833,0.009618826,-0.009603551,0.00068080006,0.00996485,-0.009883509,0.00015709833,0.009618826,-0.009603551,0.0,1.0,2.5968491788439394
5472,37,7,0.0005390613,0.009894463,-0.009951591,0.00015709833,0.009618826,-0.009603551,0.00068080006,0.00996485,-0.009883509,0.00015709833,0.009618826,-0.009603551,0.0,1.0,2.5968491788439394
9496,95,1,-0.0009855805,0.0099902665,-0.009923827,0.00068080006,0.00996485,-0.009883509,0.00015709833,0.009618826,-0.009603551,0.00015709833,0.009618826,-0.009603551,0.0,1.9967620011132508,1.956887864209901
8060,29,1,-0.0004512616,0.009913742,-0.009881436,0.00015709833,0.009618826,-0.009603551,0.00015709833,0.009618826,-0.009603551,0.00015709833,0.009618826,-0.009603551,0.0,1.0,1.956887864209901
6325,82,0,0.0009274185,0.00944356,-0.009954766,0.00068080006,0.00996485,-0.009883509,0.00068080006,0.00996485,-0.009883509,0.00015709833,0.009618826,-0.009603551,0.0,1.9967620011132508,2.5968491788439394
9411,40,3,0.00046496332,0.009801362,-0.009457295,0.00015709833,0.009618826,-0.009603551,0.00015709833,0.009618826,-0.009603551,0.00015709833,0.009618826,-0.009603551,0.0,1.0,1.956887864209901
1235,36,6,0.00068080006,0.00996485,-0.009883509,0.00015709833,0.009618826,-0.009603551,0.00068080006,0.00996485,-0.009883509,0.00015709833,0.009618826,-0.009603551,0.0,1.0,2.5968491788439394
1234,36,6,0.00068080006,0.00996485,-0.009883509,0.00015709833,0.009618826,-0.009603551,0.00068080006,0.00996485,-0.009883509,0.00015709833,0.009618826,-0.009603551,0.0,1.0,2.5968491788439394
7580,9,6,0.0002902455,0.00992992,-0.009932209,0.00015709833,0.009618826,-0.009603551,0.00068080006,0.00996485,-0.009883509,0.00015709833,0.009618826,-0.009603551,0.0,1.0,2.5968491788439394
41605,142,3,0.000578543,0.009962477,-0.009996886,0.00015709833,0.009618826,-0.009603551,0.00015709833,0.009618826,-0.009603551,0.00015709833,0.009618826,-0.009603551,0.0,1.0,1.956887864209901
297,6,73,0.00015709833,0.009618826,-0.009603551,0.00015709833,0.009618826,-0.009603551,0.00068080006,0.00996485,-0.009883509,0.00015709833,0.009618826,-0.009603551,0.0,1.0,2.5968491788439394
3986,28,5,0.0005887559,0.009917807,-0.009790838,0.00068080006,0.00996485,-0.009883509,0.00068080006,0.00996485,-0.009883509,0.00015709833,0.009618826,-0.009603551,0.0,1.9967620011132508,2.5968491788439394
4447,53,2,-0.0005080506,0.009812389,-0.00971346,0.00015709833,0.009618826,-0.009603551,-8.236845e-06,0.009922823,-0.009121787,0.00068080006,0.00996485,-0.009883509,1.0,1.0,2.0
26721,54,2,-0.000424118,0.0099871205,-0.009730654,0.00068080006,0.00996485,-0.009883509,-8.236845e-06,0.009922823,-0.009121787,0.00015709833,0.009618826,-0.009603551,0.0,1.9967620011132508,2.0
5784,94,4,-0.0015153141,0.009667681,-0.00985575,0.00015709833,0.009618826,-0.009603551,0.00015709833,0.009618826,-0.009603551,0.00015709833,0.009618826,-0.009603551,0.0,1.0,1.956887864209901
39694,44,1,-2.8129103e-05,0.009769333,-0.00982233,-8.236845e-06,0.009922823,-0.009121787,-8.236845e-06,0.009922823,-0.009121787,0.00015709833,0.009618826,-0.009603551,0.0,1.4142135623730951,2.0
5941,84,1,-0.00058866484,0.009710857,-0.0097576,0.00015709833,0.009618826,-0.009603551,-8.236845e-06,0.009922823,-0.009121787,0.00015709833,0.009618826,-0.009603551,0.0,1.0,2.0
9888,166,4,0.00055439485,0.009849838,-0.009904162,0.00015709833,0.009618826,-0.009603551,0.00015709833,0.009618826,-0.009603551,0.00015709833,0.009618826,-0.009603551,0.0,1.0,1.956887864209901
8141,160,4,0.00020837726,0.009655612,-0.009955447,0.00015709833,0.009618826,-0.009603551,0.00015709833,0.009618826,-0.009603551,0.00015709833,0.009618826,-0.009603551,0.0,1.0,1.956887864209901
8558,92,4,-0.00073426845,0.00999068,-0.009925817,0.00015709833,0.009618826,-0.009603551,0.00068080006,0.00996485,-0.009883509,0.00015709833,0.009618826,-0.009603551,0.0,1.0,2.5968491788439394
7477,104,0,-0.00045238461,0.009715668,-0.009687037,-8.236845e-06,0.009922823,-0.009121787,0.00068080006,0.00996485,-0.009883509,0.00015709833,0.009618826,-0.009603551,0.0,1.4142135623730951,2.5968491788439394
3986,80,3,-0.00029036676,0.009802159,-0.009845593,0.00015709833,0.009618826,-0.009603551,0.00068080006,0.00996485,-0.009883509,0.00015709833,0.009618826,-0.009603551,0.0,1.0,2.5968491788439394
9041,55,0,-0.00092003105,0.009988555,-0.009741046,0.00015709833,0.009618826,-0.009603551,-8.236845e-06,0.009922823,-0.009121787,0.00015709833,0.009618826,-0.009603551,0.0,1.0,2.0
4295,144,0,-0.00093902275,0.0099369455,-0.0099797845,0.00015709833,0.009618826,-0.009603551,0.00015709833,0.009618826,-0.009603551,0.00015709833,0.009618826,-0.009603551,0.0,1.0,1.956887864209901
4741,63,3,5.6917546e-05,0.009271949,-0.00982921,-8.236845e-06,0.009922823,-0.009121787,0.00068080006,0.00996485,-0.009883509,0.00015709833,0.009618826,-0.009603551,0.0,1.4142135623730951,2.5968491788439394
6099,55,3,-0.00049434067,0.009780031,-0.009976113,0.00015709833,0.009618826,-0.009603551,-8.236845e-06,0.009922823,-0.009121787,0.00015709833,0.009618826,-0.009603551,0.0,1.0,2.0
38652,116,3,0.0004087943,0.009652887,-0.009842247,0.00068080006,0.00996485,-0.009883509,0.00068080006,0.00996485,-0.009883509,0.00015709833,0.009618826,-0.009603551,0.0,1.9967620011132508,2.5968491788439394
40840,63,2,-0.00076552085,0.009642924,-0.009884431,0.00015709833,0.009618826,-0.009603551,0.00068080006,0.00996485,-0.009883509,0.00015709833,0.009618826,-0.009603551,0.0,1.0,2.5968491788439394
1986,34,3,4.6524758e-05,0.009973204,-0.009907786,0.00015709833,0.009618826,-0.009603551,0.0006549831,0.009980517,-0.009774047,0.00015709833,0.009618826,-0.009603551,0.0,1.0,1.7320508075688772
2031,131,3,6.339045e-05,0.009857642,-0.009727174,0.00015709833,0.009618826,-0.009603551,0.00068080006,0.00996485,-0.009883509,0.00015709833,0.009618826,-0.009603551,0.0,1.0,2.5968491788439394
3145,92,2,0.00072333723,0.009917965,-0.009970478,-8.236845e-06,0.009922823,-0.009121787,0.00015709833,0.009618826,-0.009603551,0.00015709833,0.009618826,-0.009603551,0.0,1.4142135623730951,1.956887864209901
8186,23,2,0.0009476266,0.009959837,-0.0097422125,0.00015709833,0.009618826,-0.009603551,0.00068080006,0.00996485,-0.009883509,0.00015709833,0.009618826,-0.009603551,0.0,1.0,2.5968491788439394
8258,157,2,0.0004231858,0.00990513,-0.009721778,0.00015709833,0.009618826,-0.009603551,-8.236845e-06,0.009922823,-0.009121787,0.00015709833,0.009618826,-0.009603551,0.0,1.0,2.0
9431,66,2,-0.0008889616,0.009998117,-0.009964301,0.00015709833,0.009618826,-0.009603551,0.00015709833,0.009618826,-0.009603551,0.00015709833,0.009618826,-0.009603551,0.0,1.0,1.956887864209901
674,33,2,0.0008278653,0.009973507,-0.009979373,0.00068080006,0.00996485,-0.009883509,0.00068080006,0.00996485,-0.009883509,0.00015709833,0.009618826,-0.009603551,0.0,1.9967620011132508,2.5968491788439394
225,186,2,-3.462507e-05,0.00975906,-0.0099435225,0.00015709833,0.009618826,-0.009603551,-8.236845e-06,0.009922823,-0.009121787,0.00015709833,0.009618826,-0.009603551,0.0,1.0,2.0
7502,81,1,0.00032058434,0.009990495,-0.009729699,0.00015709833,0.009618826,-0.009603551,0.00015709833,0.009618826,-0.009603551,0.00015709833,0.009618826,-0.009603551,0.0,1.0,1.956887864209901
2965,114,1,-0.0010229576,0.009864713,-0.0099043,-8.236845e-06,0.009922823,-0.009121787,0.00068080006,0.00996485,-0.009883509,0.00015709833,0.009618826,-0.009603551,0.0,1.4142135623730951,2.5968491788439394
1359,90,1,-0.00074895,0.00954421,-0.009885916,0.00015709833,0.009618826,-0.009603551,0.00015709833,0.009618826,-0.009603551,0.00015709833,0.009618826,-0.009603551,0.0,1.0,1.956887864209901
8943,43,1,-8.236845e-06,0.009922823,-0.009121787,0.00015709833,0.009618826,-0.009603551,-0.0006660555,0.009904971,-0.009603318,0.00015709833,0.009618826,-0.009603551,0.0,1.0,1.7320508075688776
