id,kudos,title,keywords,amount_keywords,romanticCategory,rating,contentWarning,words,packaged,published,up_time
27042589,11,Bridges,3.9178781850669058,7,0.0,1.0,2.0,15011,2022-04-16T04:39:16,2020-10-16,18
13681566,177,Entirely by Accident,3.6300010829203457,5,0.0,1.4142135623730951,1.956887864209901,15251,2022-01-29T15:58:04,2018-02-14,47
13791840,18,Nobody's Second Choice,2.291765335143104,2,0.0,1.3828992025720797,1.956887864209901,443,2022-01-30T12:23:16,2018-02-24,47
14301855,294,An Unusual Request and One Hell of a Deal,6.017525158995546,19,0.0,1.0,1.956887864209901,7461,2022-01-29T04:33:48,2018-04-13,45
15128201,180,won't he?,6.196522480837256,14,0.0,1.3828992025720797,2.5968491788439394,9164,2022-02-12T07:09:48,2018-07-01,43
15227424,81,This is the worthwhile fight,4.117003616557776,6,0.0,1.4142135623730951,2.5968491788439394,1704,2022-02-11T11:16:55,2018-07-09,43
15055727,656,Only a Kiss,5.889829715903582,19,0.0,1.0,1.956887864209901,12462,2022-02-06T20:57:23,2018-07-11,43
15407934,1262,This Business of Adulting,6.203253509792389,21,0.0,1.0,2.5968491788439394,79679,2022-02-08T17:32:49,2018-07-23,43
14897132,284,You Think You Hate Him (But Do You Really?),5.60278673350768,21,0.0,1.9967620011132508,2.5968491788439394,1412,2022-02-09T02:40:41,2018-06-10,44
15810957,277,The Perfect Thank You Starts With Breakfast,5.755044603736329,15,0.0,1.0,1.956887864209901,4421,2022-02-08T09:46:08,2018-08-27,42
16456718,180,Us,6.981630257194366,36,0.0,1.0,1.956887864209901,64953,2022-02-08T08:07:30,2018-10-30,40
16379153,19,Treasure Hunt,2.9890588790759653,10,0.0,1.9967620011132508,1.956887864209901,21340,2022-09-01T20:48:05,2018-10-22,47
16457249,1588,"Veela, My Veela",2.692074308013631,6,0.0,1.0,1.956887864209901,15962,2022-02-08T09:14:29,2018-10-30,40
15808272,1182,Dirty Talk,4.31989183900861,11,0.0,1.0,1.956887864209901,3010,2022-02-08T04:24:55,2018-08-26,42
16977186,3172,Harry Potter and The Bisexual Awakening,6.190031135276122,23,0.0,1.0,1.956887864209901,23186,2022-02-23T04:02:53,2018-12-17,38
5053585,296,Never Burn Out,6.267061115979862,25,0.0,1.0,1.0,25921,2021-12-18T06:34:15,2018-12-22,36
17139428,87,No Feelings,4.428260663488988,14,0.0,1.9967620011132508,1.956887864209901,1277,2022-03-01T19:33:03,2018-12-24,39
28590219,31,Madness,3.7169826316149197,9,0.0,1.9967620011132508,2.5968491788439394,1101,2022-04-24T07:07:43,2021-01-06,15
28611144,34,why wont you ever kiss me?,3.2595620062665707,6,0.0,1.4142135623730951,2.5968491788439394,488,2022-04-25T20:15:49,2021-01-07,15
28635801,305,A Change of Heart,5.415704571082101,15,0.0,1.0,2.5968491788439394,73062,2022-09-06T22:00:44,2021-01-08,20
28683159,183,Good Girl,6.011784529915273,20,0.0,1.0,2.5968491788439394,186222,2022-09-07T08:53:49,2021-01-11,20
28782165,21,Pushing Back the Darkness,5.012674684300281,11,0.0,1.9967620011132508,2.5968491788439394,14320,2022-09-08T07:28:05,2021-01-16,20
28819524,21,Friends Don't,3.203261322445776,4,0.0,1.4142135623730951,2.5968491788439394,724,2022-04-25T22:08:25,2021-01-17,15
17201570,169,A Demon in the Mist,2.7080515168852344,5,0.0,1.0,1.0,54990,2022-09-03T06:29:00,2018-12-28,45
17117345,421,The Dissolution of Hermione Granger,4.740864205549681,9,0.0,1.0,1.956887864209901,16063,2022-02-27T18:54:15,2018-12-23,38
29273307,21,Dahlias and Lavender Iced Coffee,5.569065787952528,20,0.0,1.3828992025720797,1.956887864209901,1941,2022-04-29T11:05:25,2021-02-07,14
29312268,46,Numb Without You,4.7604985216910745,18,0.0,1.0,1.956887864209901,151583,2022-04-24T14:44:58,2021-02-09,14
29376759,82,When Death Speaks of Love,7.621637020576042,47,0.0,1.9967620011132508,2.5968491788439394,44332,2022-09-08T08:01:06,2021-02-12,19
29452071,162,Ever Yours,4.414278183705147,15,0.0,1.9967620011132508,1.956887864209901,4176,2022-04-28T00:34:20,2021-02-14,14
29435682,50,Not So Secret Anymore,3.5226138131282747,5,0.0,1.3828992025720797,1.956887864209901,1987,2022-04-26T15:03:44,2021-02-16,14
29108769,189,In The Middle Of The Street,7.029308423861595,27,0.0,1.9967620011132508,1.956887864209901,5450,2022-04-24T15:42:09,2021-02-17,14
29550087,11,Nothing I Can do About It,6.638557813722456,30,1.0,1.0,2.5968491788439394,23648,2022-09-09T20:55:59,2021-02-19,19
29429886,58,Flowers in Her Hair,6.330841933517964,19,0.0,1.0,2.5968491788439394,26930,2022-09-08T18:04:46,2021-02-14,19
29385483,37,The Founders,2.3184280074712955,3,0.0,1.0,2.5968491788439394,10597,2022-04-30T01:56:09,2021-02-14,14
30085800,58,Flying Sparks,5.272882407845857,23,0.0,1.9967620011132508,1.956887864209901,6074,2022-04-29T10:24:27,2021-03-16,13
29828466,66,A Game of Pawns,6.888893550459485,28,1.0,1.0,1.956887864209901,17546,2022-09-06T19:33:32,2021-03-08,18
30002544,9,Dragon Writer,3.533204784724349,5,0.0,1.3828992025720797,2.5968491788439394,8219,2022-09-08T11:17:20,2021-03-12,18
29763003,156,Birth Certificate,8.327102938234372,24,0.0,1.0,1.0,104080,2022-09-06T04:00:44,2021-02-28,19
29801649,7,The Whisper of Death,7.105006677359526,26,1.0,1.0,2.0,2923,2022-04-23T17:25:08,2021-03-03,13
30155208,48,When you least expect it,5.862856387830044,15,0.0,1.0,2.5968491788439394,9469,2022-09-09T22:09:23,2021-03-20,18
30245463,239,The Smell of Winter,2.5712055937984863,3,0.0,1.9967620011132508,2.5968491788439394,4342,2022-04-26T19:16:09,2021-03-24,13
30262782,20,Unlock my love,4.506644453094918,18,0.0,1.9967620011132508,1.956887864209901,5881,2022-04-28T06:03:21,2021-03-25,13
30304347,11,evermore,4.3617100048818624,13,0.0,1.9967620011132508,2.5968491788439394,8860,2022-09-05T15:25:01,2021-03-28,18
30460137,65,The Letter,3.159743535152383,6,0.0,1.3828992025720797,2.5968491788439394,3270,2021-09-06T15:10:10,2021-04-04,5
30493371,18,The Right Direction,3.0316245101503663,7,0.0,1.9967620011132508,2.5968491788439394,1560,2022-07-28T02:09:05,2021-04-05,15
30326376,550,"tinder, flicker, flash",6.088364945135128,20,0.0,1.0,1.956887864209901,80324,2022-04-25T20:38:32,2021-03-28,13
30592970,1014,The Parents' Trap,5.4371167003931316,10,0.0,1.0,2.5968491788439394,4177,2021-08-03T02:04:20,2021-04-10,4
30741167,5,Tempting Trouble,4.12565460044464,10,0.0,1.9967620011132508,2.5968491788439394,11195,2021-07-27T11:23:20,2021-04-17,3
30894500,95,Nowhere Left to Run,4.102201779363398,7,0.0,1.0,2.5968491788439394,53817,2021-07-29T20:41:53,2021-04-25,3
31065161,86,Bewitched & Misdirected,6.143071810654293,20,0.0,1.9967620011132508,1.956887864209901,82996,2022-09-06T04:15:23,2021-05-03,16
31174571,211,That life can change,5.814491884100347,18,0.0,1.0,1.956887864209901,1930,2021-08-01T20:22:32,2021-05-08,3
31632833,7,Wolfsbane,8.32884949925822,30,0.0,1.0,2.0,17147,2021-08-08T14:42:15,2021-05-30,3
31349522,534,Everything has a price,5.192331975869453,14,0.0,1.0,2.5968491788439394,56054,2022-09-08T00:04:31,2021-05-17,16
31505297,91,Three More Years,2.661451874917715,4,0.0,1.9967620011132508,2.5968491788439394,6140,2021-08-08T10:24:56,2021-05-24,3
31642922,157,"One more kiss, dear",4.887061083938082,11,0.0,1.0,2.5968491788439394,10533,2021-08-09T07:56:59,2021-05-31,3
31775461,4,The Truths of Friendship,4.703304714745835,18,0.0,1.0,2.5968491788439394,15023,2021-08-10T00:17:58,2021-06-06,2
31819081,47,Nowhere to Go,3.688231756414857,8,0.0,1.4142135623730951,2.5968491788439394,1982,2021-08-04T12:45:35,2021-06-08,2
31916275,116,Willow || Cedric Diggory,7.772216020515101,46,0.0,1.0,2.5968491788439394,297027,2022-09-06T17:12:32,2021-06-13,15
31722499,48,don‚Äôt need drugs (i can already feel my head rot),6.129530474063216,25,0.0,1.0,2.0,331,2022-09-05T09:18:23,2021-06-03,15
31979617,257,The Things That Are Deadly,4.6946311808269385,20,0.0,1.4142135623730951,2.5968491788439394,21662,2022-09-07T04:26:48,2021-06-16,15
32296828,465,Infairitance,5.0599346697381185,24,0.0,1.9967620011132508,1.956887864209901,53003,2022-09-09T08:38:18,2021-07-01,14
32495029,155,When Demons Cry,5.253536400359551,14,0.0,1.0,2.0,2869,2021-08-12T03:01:02,2021-07-10,1
32581573,77,Unceremoniously,4.354012259276605,11,0.0,1.0,2.0,52298,2021-08-25T17:14:49,2021-07-14,1
32639251,51,Locus Liquido Remotionem Fortuna - Inhibitions Removal Liquid Luck,5.565551230596981,16,0.0,1.0,1.956887864209901,8871,2022-09-06T12:49:09,2021-07-17,14
32640673,95,Friendship and Love,9.764553082331286,52,0.0,1.0,2.0,140747,2022-09-06T13:03:27,2021-07-17,14
32942050,33,Cleats,3.445209223654947,5,0.0,1.9967620011132508,1.956887864209901,7541,2022-09-08T13:58:35,2021-07-31,14
32543260,11,Just what Hogwarts needed | year 4,9.173594635835308,39,0.0,1.9967620011132508,1.956887864209901,41750,2022-03-04T02:45:23,2021-07-13,8
32574349,38,Blaze of Inferno,6.745868923354294,25,0.0,1.0,1.956887864209901,13333,2022-09-06T00:58:51,2021-07-14,14
29503140,6,Mistakes,3.144173464585176,5,0.0,1.0,2.0,27123,2022-09-09T09:38:03,2021-07-12,14
32812777,42,Bumping into you,7.14440832043992,25,0.0,1.0,2.0,45015,2022-09-07T17:03:45,2021-07-25,14
32866987,24,BLOOD-SHED,8.257203997969816,52,1.0,1.4142135623730951,2.0,127395,2021-11-22T05:41:20,2021-07-28,4
33087814,143,Stolen Kisses,5.453694613562293,13,0.0,1.4142135623730951,1.956887864209901,4321,2021-12-09T23:54:23,2021-08-07,4
33164521,5,Verticordia,3.632643807076546,13,0.0,1.3828992025720797,2.0,34069,2021-08-23T18:13:57,2021-08-10,0
33261955,59,Dream a Little Dream of Me,7.258310126728741,26,0.0,1.0,2.5968491788439394,9679,2022-09-06T03:50:11,2021-08-15,13
32950354,213,The List,4.6470384521480135,14,0.0,1.0,1.956887864209901,7362,2021-12-03T00:00:28,2021-08-16,4
33359377,587,"don't blame me, love made me crazy",5.976822661629023,15,0.0,1.9967620011132508,1.956887864209901,14643,2021-12-03T00:04:40,2021-08-20,4
33288310,1,A SEA BETWEEN,7.227358999678327,26,0.0,1.0,1.956887864209901,110605,2021-12-07T02:23:11,2021-08-22,4
33084874,632,Lapsarian,4.7488958412130415,13,0.0,1.0,2.0,171461,2022-09-09T19:24:36,2021-08-07,13
33181015,223,All You Knead Is Love,2.9166666575803872,3,0.0,1.0,1.956887864209901,104969,2022-07-31T01:39:58,2021-08-11,11
33250576,86,Dramione: Drabbles,4.580426576725918,17,0.0,1.0,1.7320508075688772,37219,2022-09-06T02:01:07,2021-08-14,13
33497143,6,Until the Very End,7.150620678940225,21,0.0,1.0,1.956887864209901,7577,2022-09-08T09:36:35,2021-08-26,13
33608875,31,ùëÄùìé ùíÆùìÅùìéùìâùíΩùëíùìáùíæùìÉ,6.372426531928852,46,0.0,1.0,2.0,56606,2021-12-04T15:09:54,2021-09-01,3
33682600,81,Tear you apart,4.971381814114984,16,0.0,1.0,2.0,3167,2022-09-05T03:18:46,2021-09-04,12
33692125,631,Ignite,4.687987619923552,12,0.0,1.0,2.5968491788439394,192581,2022-09-05T05:01:50,2021-09-05,12
33898771,55,The End of Autumn,5.437268186967769,16,0.0,1.9967620011132508,1.956887864209901,3348,2021-12-06T14:44:42,2021-09-15,3
33934186,15,stardust.,6.995321387539302,39,0.0,1.4142135623730951,1.956887864209901,19914,2022-09-07T10:58:24,2021-09-17,12
34189252,101,Yule Ball Blurbs,4.6660921818118615,11,0.0,1.3828992025720797,1.956887864209901,3181,2022-09-09T17:37:25,2021-09-30,12
33695017,124,Life On Mars,8.03564563688893,32,0.0,1.0,1.956887864209901,110937,2021-12-10T00:18:51,2021-09-21,3
34134106,423,Antisocial Distance,3.537874521913886,7,0.0,1.0,1.956887864209901,30766,2022-09-09T05:24:25,2021-09-28,12
9921107,87,Of Clothes and Dreams,2.5103226977177453,3,0.0,1.3828992025720797,1.956887864209901,1937,2022-01-10T02:44:56,2017-02-25,59
10577466,229,Friends don't treat me like you do,4.6035714806472345,11,0.0,1.3828992025720797,1.956887864209901,4051,2022-01-09T07:09:47,2017-04-09,57
10736562,214,Stygian,3.046238319119492,6,0.0,1.0,1.7320508075688772,21112,2022-10-04T12:36:07,2017-04-26,66
10582146,20,The Vorpal Prophecy,4.6297662359862946,14,0.0,1.9967620011132508,2.0,26261,2022-08-20T06:11:23,2017-04-09,64
10840320,3012,The Things They Never Say,5.480390962733644,18,0.0,1.0,1.956887864209901,9328,2022-01-25T09:37:37,2017-05-07,56
11187702,13,Red and Gold,2.6139054643001045,2,0.0,1.4142135623730951,2.5968491788439394,195,2022-01-22T20:28:20,2017-06-13,55
11524866,716,Because Why Not?,4.069761250576569,11,0.0,1.9967620011132508,2.0,542422,2022-01-19T08:33:32,2017-07-17,54
13466577,29,Love and Light Conquers Hate and Dark,2.288309138005673,2,0.0,1.9967620011132508,2.5968491788439394,2937,2022-02-04T12:24:16,2017-06-25,56
11839839,258,draco malfoy unknowingly delves deeper into assholery,4.611964308735596,12,0.0,1.3828992025720797,2.5968491788439394,28631,2022-08-20T05:28:01,2017-08-18,60
12284445,51,Dragons and Plants and Your Love,4.955888692741838,18,0.0,1.4142135623730951,2.5968491788439394,11686,2022-08-24T02:18:52,2017-10-06,58
12655875,262,A Moment Changes Everything,4.403856301620854,9,0.0,1.0,1.956887864209901,1916,2022-01-18T16:01:10,2017-11-17,50
12602716,90,"Yew, Pine and Oak",5.2337805532458805,13,1.0,1.9967620011132508,1.956887864209901,35216,2022-08-20T10:07:10,2017-11-02,57
13207248,70,The Voice in His Head,5.832576931882064,28,0.0,1.0,2.5968491788439394,34847,2022-08-24T22:39:47,2017-12-30,56
6108066,766,Our Version of Perfect,4.1087570421797315,15,0.0,1.3828992025720797,2.5968491788439394,4367,2021-12-24T01:05:01,2016-02-26,70
6770536,1068,Forget-Me-Not,4.408678875366999,13,0.0,1.3828992025720797,2.5968491788439394,3874,2021-12-21T17:37:04,2016-05-07,67
7720237,1010,A Little Like This,3.994361072187505,10,0.0,1.0,1.956887864209901,5220,2021-12-27T20:58:37,2016-08-09,64
7591828,82,To Trust the Broken,5.413059886653009,17,0.0,1.0,2.5968491788439394,15887,2021-12-26T06:55:15,2016-08-05,64
7916677,30,Hallowed Thoughts,5.774403926981108,15,0.0,1.4142135623730951,2.5968491788439394,4958,2022-04-24T06:07:05,2016-08-30,68
7941313,78,Cursed Child: Rewritten,6.061681233645821,30,0.0,1.3828992025720797,1.956887864209901,1203,2022-08-20T23:51:39,2016-09-02,71
8015266,78,I Want You To Want Me,5.418954046432974,13,0.0,1.9967620011132508,1.956887864209901,3181,2021-12-25T13:58:23,2016-09-11,63
7979062,54,Giving Light to Your Darkness,1.728124417960963,2,0.0,1.0,1.956887864209901,10204,2022-08-21T07:44:00,2016-09-07,71
8010604,36,Time Well Spent,8.235048486702546,57,0.0,1.9967620011132508,2.5968491788439394,20152,2022-08-21T14:19:41,2016-09-11,71
8189333,818,An Unconventional Escape,4.981241854447298,16,0.0,1.0,1.956887864209901,58402,2022-08-23T00:02:22,2016-10-02,70
8403472,3393,I Welcome the Unwelcome,5.592867318943053,12,0.0,1.0,2.5968491788439394,51079,2022-08-24T19:09:50,2016-10-28,70
7894804,384,Sincere Gratitude from the Heart,5.299769477704157,21,0.0,1.0,1.956887864209901,1422,2021-12-24T11:49:38,2016-08-28,64
7953880,768,A Very Sincere Epilogue,4.863922839878495,15,0.0,1.9967620011132508,1.956887864209901,655,2021-12-21T01:50:59,2016-09-04,63
18579907,49,Best Mates,6.1914025359402185,29,0.0,1.0,1.0,2254,2022-03-16T06:39:03,2007-03-19,180
3096443,43,Phases of the Moon,4.0345008321905125,10,0.0,1.9967620011132508,1.956887864209901,98580,2022-05-26T13:34:32,2006-03-08,194
12161496,343,Downfall,4.835793874599869,9,0.0,1.0,1.956887864209901,4762,2022-01-23T16:12:59,2006-01-01,192
375362,20,Our Happy (strike)Ending(/strike) Beginning,3.9921881782248594,12,1.0,1.9967620011132508,1.956887864209901,2417,2022-05-05T17:11:44,2008-01-04,172
856175,509,Dear Sirius,3.6805064040733284,8,0.0,1.0,1.956887864209901,227423,2022-05-17T16:07:36,2008-06-18,167
20063335,244,Lemon,5.328114062296022,39,0.0,1.4142135623730951,1.956887864209901,7473,2022-03-14T22:17:35,2019-08-01,31
20004121,21,Ballad of Jimin,7.091709739033618,27,0.0,1.4142135623730951,1.956887864209901,324,2022-09-03T06:53:02,2019-07-27,38
1972821,106,We love the things we love for what they are,6.6450977780103795,37,0.0,1.4142135623730951,2.5968491788439394,7559,2022-08-23T10:31:24,2014-07-17,97
19728049,21,What the Moonlight Illuminates,7.4175742747519235,23,0.0,1.0,2.5968491788439394,9517,2022-09-01T03:34:20,2019-07-08,38
19754917,201,Sorted With You,5.746638141345891,44,0.0,1.0,2.5968491788439394,1898,2022-09-01T09:23:05,2019-07-28,38
19724134,69,Good Morning Call,5.875997823111951,14,0.0,1.9967620011132508,2.5968491788439394,3885,2022-09-01T02:54:51,2019-07-08,38
1916718,965,There's Magic in this Life,4.542413565504864,6,0.0,1.0,2.5968491788439394,7326,2022-05-28T06:33:42,2014-07-08,94
18857785,897,without you (this ocean is a desert),5.854126563165385,18,0.0,1.0,1.956887864209901,6175,2022-03-09T05:22:47,2019-05-23,34
18612946,1105,The Transfer Alpha,4.890749749969091,16,0.0,1.0,2.5968491788439394,4760,2022-03-11T08:05:54,2019-04-27,35
1854871,128,Love me Good,3.993803456352591,10,0.0,1.0,1.956887864209901,1138,2022-05-23T10:32:59,2014-06-27,95
18213938,133,It was always you *ON HOLD*,4.826595401730733,15,0.0,1.4142135623730951,1.7320508075688776,5000,2022-03-01T23:47:03,2019-03-23,36
17895560,637,make you never wanna leave,4.6063180766240475,12,0.0,1.0,2.5968491788439394,9126,2022-02-26T09:16:34,2019-03-01,35
17741432,1722,tonight you belong to me,6.897753907436086,28,0.0,1.0,1.956887864209901,8270,2022-02-28T06:32:53,2019-02-11,36
17394239,33,When Two Idiots Really Really Love Each Other.....,5.543880920646307,22,0.0,1.4142135623730951,1.956887864209901,2624,2022-08-30T02:18:04,2019-01-12,43
1695623,1417,I see your stars begin to shine,4.7085721394943745,13,0.0,1.4142135623730951,2.5968491788439394,5077,2022-05-26T04:47:36,2014-05-27,96
16930206,240,Jealousy Dances,7.530821475526102,29,0.0,1.4142135623730951,1.956887864209901,4933,2022-02-26T16:23:15,2018-12-10,38
16874139,228,A Shot at Love,3.241668332267843,5,0.0,1.0,2.5968491788439394,1478,2022-06-26T03:26:00,2018-12-06,42
16634423,525,Bitten,4.703915737535549,12,0.0,1.3828992025720797,1.956887864209901,1185,2022-02-07T12:35:06,2018-11-20,39
16478492,55,Snail's Pace,4.478765423926143,10,0.0,1.9967620011132508,1.956887864209901,687,2022-02-10T07:12:25,2018-10-31,40
1487080,99,Howls under the Moonlight ***BEING EDITED***,5.446772844162392,21,0.0,1.4142135623730951,2.0,3877,2022-08-25T17:15:53,2014-04-19,100
14833965,614,Not Who You Think,4.170579245866327,15,0.0,1.0,2.5968491788439394,6406,2022-08-30T13:34:18,2018-06-03,50
14633340,1573,looking on him brought a flood,4.1019828058210495,13,0.0,1.0,1.956887864209901,4718,2022-01-30T11:29:17,2018-05-14,44
14633013,255,Strawberry Cotton Candy,3.8437766453567193,9,0.0,1.0,2.5968491788439394,8816,2022-01-30T10:44:57,2018-05-13,44
14567853,57,Taste of the Forbidden Fruit,6.723409704353727,31,0.0,1.0,2.0,4370,2022-08-24T23:06:23,2018-05-07,51
14507046,706,And I Will Steady Your Hand,4.320367901745543,8,0.0,1.0,1.956887864209901,9485,2022-01-29T08:01:34,2018-05-09,44
13643172,827,May-December,6.642876727929484,28,0.0,1.0,2.5968491788439394,8291,2022-07-23T05:49:07,2018-02-11,53
13501708,2061,Electric Touch,4.959313257898261,17,0.0,1.0,1.956887864209901,4830,2022-01-30T17:35:57,2018-01-28,48
13318224,1278,Woke Up Feeling Knotty,4.8003215256979015,15,0.0,1.0,2.5968491788439394,7903,2022-01-31T18:06:46,2018-01-09,48
13309131,137,Embracing Me,7.586611159260231,40,0.0,1.3828992025720797,1.956887864209901,8165,2022-08-25T19:32:58,2018-01-08,55
12833709,876,been here all along,4.629531862317785,11,0.0,1.0,1.956887864209901,7590,2022-02-02T03:11:55,2017-11-28,51
12779709,411,Penpals,4.919401790766688,15,0.0,1.3828992025720797,1.956887864209901,3346,2022-01-28T23:40:00,2017-11-20,50
12372834,966,Love So Soft,3.828644196427685,11,0.0,1.4142135623730951,1.956887864209901,4662,2022-01-24T06:16:20,2017-10-18,51
12200784,356,Pile Of Quarters,5.350332252057428,17,0.0,1.9967620011132508,1.956887864209901,1752,2022-01-18T23:29:30,2017-09-27,52
11275674,1380,kiss with a fist (is better than none),6.7176387347146385,25,0.0,1.0,1.0,7079,2022-01-22T05:17:05,2017-06-22,55
11221314,132,"i'm sorry hyung, but I love you.",4.807293085785055,21,0.0,1.0,2.5968491788439394,1616,2022-08-20T06:31:27,2017-06-17,62
11195445,1301,No Chance At All,5.7955799925032805,17,0.0,1.4142135623730951,1.956887864209901,4505,2022-01-23T10:10:36,2017-06-14,55
39914904,6,The leap that brought them back together,5.868104611723988,40,0.0,1.0,2.5968491788439394,2031,2022-09-16T07:41:01,2022-06-27,3
39664587,351,Where the Watermelons Rot,4.677516623057922,20,0.0,1.0,2.0,6099,2022-09-15T06:22:42,2022-06-15,3
39586662,70,milkshake and fries,6.1872812969810695,20,0.0,1.4142135623730951,2.5968491788439394,4741,2022-09-15T05:37:44,2022-06-12,3
37193596,7,When Night Comes,5.549077446571268,21,0.0,1.0,2.5968491788439394,5472,2022-09-06T12:45:51,2022-02-17,7
37069825,54,Home in you,5.678183469816148,18,0.0,1.0,2.5968491788439394,8401,2022-03-05T00:10:02,2022-02-12,1
3702357,1619,Gladioli,3.8424786083371094,13,0.0,1.9967620011132508,1.956887864209901,2773,2022-04-07T06:08:32,2015-04-07,84
27816496,232,you & me together,6.1939056179981495,12,0.0,1.0,2.5968491788439394,6455,2022-04-18T11:26:22,2020-12-01,16
36884182,18,"glamour, glitter, glory",9.378579113249803,40,0.0,1.9967620011132508,2.0,8599,2022-09-08T22:55:26,2022-02-04,7
13338237,30,language,3.859362552673016,9,0.0,1.3828992025720797,1.956887864209901,644,2022-02-02T06:30:12,2018-01-11,49
13444785,480,Love in a Different World.,3.191553839682524,4,0.0,1.9967620011132508,1.956887864209901,28033,2022-02-02T18:54:41,2018-01-22,49
13850004,357,The Lake,3.699983423686068,11,0.0,1.0,1.956887864209901,4775,2022-02-03T21:33:14,2018-03-02,47
27716843,26,This tiny miracle,2.7084630140887866,5,0.0,1.9967620011132508,2.5968491788439394,8256,2022-09-03T13:09:22,2020-11-25,22
13250505,1110,Rings that Connect Us,7.24750440328304,46,0.0,1.0,2.5968491788439394,1091,2022-02-03T04:06:22,2018-01-03,49
10350147,371,The Fine Art of Bullshit,6.552260376587736,16,0.0,1.0,2.0,28341,2022-08-24T03:07:08,2018-01-03,55
13523661,8,Four Lettter Word,2.02745045746616,3,0.0,1.3828992025720797,1.956887864209901,207,2022-02-01T12:54:25,2018-01-30,49
14152296,143,This Fool That You Have Made Me,4.227394354622662,11,0.0,1.4142135623730951,2.5968491788439394,2117,2022-02-02T18:15:42,2018-03-30,47
14141997,96,I'm In Love With You,5.5635405528696555,31,0.0,1.3828992025720797,1.956887864209901,122,2022-02-02T00:54:58,2018-04-01,46
14261553,93,Efflorescence,4.848548648965788,21,0.0,1.0,2.5968491788439394,19193,2022-08-22T08:45:39,2018-04-09,52
14367660,1508,Drenched,5.1891734467562065,16,0.0,1.0,1.956887864209901,5042,2022-02-03T00:03:52,2018-04-19,46
14689344,19,The Bet,2.8853840484795357,5,0.0,1.9967620011132508,2.5968491788439394,1221,2022-08-29T01:19:28,2018-05-17,51
14707866,77,Tastes like Pudding,2.1550974235210303,3,0.0,1.9967620011132508,1.956887864209901,2747,2022-02-04T05:59:01,2018-05-20,45
15313362,1104,Gimme S‚Äômore (of Your Love),4.955271467907153,16,0.0,1.0,1.956887864209901,12957,2022-02-09T22:04:23,2018-07-16,43
15333771,712,Wyvern Brooms,1.9628572289521466,4,0.0,1.9967620011132508,1.956887864209901,2278,2022-02-11T06:23:34,2018-07-18,43
15827631,61,You Belong With Him,5.6474347591497995,17,1.0,1.0,1.7320508075688772,12242,2022-09-02T08:18:23,2018-08-28,49
15866082,130,Empty Swimming Pools,6.771615514687303,49,0.0,1.0,1.956887864209901,9522,2022-02-13T01:20:17,2018-09-01,41
16106096,165,Electric Storms,4.616308638210311,8,0.0,1.0,2.0,31918,2022-08-30T10:45:10,2018-09-26,47
16135421,130,Look What You Made Me Do,4.693873304098368,8,0.0,1.9967620011132508,1.956887864209901,31718,2022-02-12T03:40:25,2018-09-30,41
20773136,71,Letters of Love,2.486278223767404,5,0.0,1.9967620011132508,1.956887864209901,4314,2022-03-21T12:10:00,2018-12-07,39
16962630,546,"The Marauders, Mapped",5.036236270076145,22,0.0,1.3828992025720797,1.956887864209901,174727,2022-09-01T09:57:35,2018-12-12,45
16780603,4774,The Poison Garden,5.9640717540440775,17,0.0,1.0,2.5968491788439394,89503,2022-02-28T20:13:00,2018-11-29,39
28753449,199,Starfish,5.297787282204103,20,0.0,1.3828992025720797,1.956887864209901,54389,2022-04-28T18:12:45,2021-01-14,15
16897953,2136,He says 'Hate Me',4.936875437855669,12,0.0,1.0,2.0,60836,2022-02-23T19:41:39,2018-12-07,38
15408027,365,Wishing you all a Good Evening,2.799946057245335,6,0.0,1.9967620011132508,2.5968491788439394,46818,2022-02-08T17:43:03,2018-12-26,38
28920522,79,Chicken Sandwiches and Firewhisky,3.3002396910632195,6,0.0,1.0,2.5968491788439394,5580,2022-04-25T18:18:01,2021-01-22,15
29021487,0,All Bark and No Bite,6.900663248009688,23,0.0,1.0,2.0,9011,2022-09-05T01:26:14,2021-01-27,20
17264672,1126,"Big Dick, Little Dickie",3.9256279063952366,14,0.0,1.0,1.956887864209901,7389,2022-02-25T16:42:10,2019-01-02,37
28826406,56,Someone Feared is Someone Pitiful,3.768372564061466,7,0.0,1.3828992025720797,2.5968491788439394,1979,2022-04-26T10:30:03,2021-01-18,15
17122820,118,Wrapped in Candlelight,3.4234256021665574,6,0.0,1.9967620011132508,1.956887864209901,2039,2022-02-28T06:42:30,2018-12-23,38
16284908,10446,"teach me how to pray, how to say your name",6.60757473441742,30,0.0,1.0,1.956887864209901,9759,2022-02-09T08:45:12,2018-10-13,40
15499053,1277,My New Younger Boss Is My Alpha,5.0172301714340755,20,0.0,1.0,1.956887864209901,6642,2022-02-07T04:38:24,2018-07-31,43
15179309,1621,Cas Stuff,5.321032966485899,18,0.0,1.0,1.956887864209901,4731,2022-02-08T05:05:52,2018-07-05,43
14991365,913,i don't need medicine (i need you),5.071923521976119,16,0.0,1.0,1.956887864209901,2126,2022-02-10T02:31:56,2018-06-20,44
14991245,532,dog days,7.6108301527685,32,0.0,1.0,1.956887864209901,5649,2022-02-10T02:20:15,2018-06-27,44
14971172,68,This is the Beginning of Something Beautiful,7.433886026450462,26,0.0,1.0,1.956887864209901,9924,2022-09-01T01:18:33,2018-06-19,51
14969636,336,Rhapsody,3.7192571778014556,8,0.0,1.0,1.956887864209901,1776,2022-02-08T11:38:02,2018-06-18,44
15186128,1586,The Offering,5.370368913095689,18,0.0,1.9967620011132508,2.0,7032,2022-09-02T17:20:37,2018-07-06,50
14429394,2107,hope you're waiting at the end,5.030357442874887,14,0.0,1.9967620011132508,2.5968491788439394,5368,2022-01-31T03:59:13,2018-04-25,45
14425170,292,Check Yes or No,6.274449827209952,36,0.0,1.3828992025720797,1.956887864209901,2389,2022-01-30T21:19:49,2018-04-24,45
14146308,46,I know I'm stupid ( stupid for you),7.566474626204805,17,0.0,1.0,2.5968491788439394,5900,2022-08-21T10:23:39,2018-03-30,53
11890044,809,Twisted,3.8948576694699173,26,0.0,1.0,2.0,3514,2022-08-20T15:26:49,2017-08-23,60
13694292,1143,Detention,4.703225142572823,15,0.0,1.0,2.5968491788439394,4013,2022-01-30T16:53:41,2018-02-15,47
10375971,106,He Really Knows How to Get to Me,7.179463720342559,43,0.0,1.0,2.5968491788439394,2423,2022-08-24T06:43:30,2017-03-20,65
18319301,138,Language of Love,8.464607358700142,41,0.0,1.9967620011132508,1.956887864209901,248264,2022-02-23T10:21:09,2019-04-01,34
38579643,207,"Ice in His Veins, Poison on His Tongue",6.413904706731193,18,0.0,1.9967620011132508,2.0,26721,2022-06-19T21:57:22,2022-04-24,2
37448029,392,"if I asked you to stay, would you?",5.409984631089355,21,0.0,1.9967620011132508,2.5968491788439394,6325,2022-03-05T06:02:59,2022-03-01,0
35357737,13,Set Fire to the Wind,3.3514501515442374,9,0.0,1.0,1.956887864209901,12817,2022-02-20T15:08:14,2021-11-27,3
18540583,258,Don't Dream It's Over,5.566505703210376,24,0.0,1.0,2.5968491788439394,95905,2022-03-12T21:59:46,2019-04-24,35
40626102,0,Warmth,4.553032150385131,8,0.0,1.9967620011132508,2.5968491788439394,674,2022-09-23T23:12:40,2022-07-28,2
1056304,1195,Survivors' Guilt,6.056323594213946,24,0.0,1.0,1.956887864209901,9300,2022-05-17T14:10:04,2005-08-01,201
23986558,4378,The Scent of Miracles,8.758010025212291,56,0.0,1.0,1.956887864209901,154188,2022-06-13T17:52:44,2020-05-03,25
37591801,103,Between the Sand and Stars,9.013222445787136,70,0.0,1.0,1.956887864209901,41605,2022-06-21T05:31:55,2022-03-07,3
36011575,34,"the night the world drowned, our seashells were left behind.",7.793477241557452,38,0.0,1.9967620011132508,1.7320508075688772,22952,2022-02-19T07:14:09,2021-12-28,2
29246403,480,Lonely Hearts,5.90513637032034,16,0.0,1.0,2.5968491788439394,14543,2022-04-27T09:09:19,2021-02-06,14
38727837,51,Ends of the Earth [DNF],5.546967704705411,22,0.0,1.4142135623730951,2.0,39694,2022-06-12T19:21:54,2022-05-15,1
12497064,424,Petrichor,5.874336014413678,25,0.0,1.0,1.956887864209901,37730,2022-01-25T02:50:31,2017-10-25,51
20569454,205,"Just As Fast, Twice As Dangerous",7.415044277067049,35,0.0,1.0,1.956887864209901,45721,2022-03-19T20:38:44,2019-09-26,30
29718327,477,After the Fall,6.80308299317965,24,0.0,1.4142135623730951,2.0,60741,2022-09-05T18:09:54,2021-02-26,19
30124335,51,Ethereal,6.5193894864547115,23,0.0,1.0,2.0,10189,2022-09-09T15:05:47,2021-03-18,18
32618980,99,Tidal,6.092807233362347,22,0.0,1.0,1.956887864209901,8467,2022-09-06T09:21:28,2021-07-16,14
22676872,9,"The Legend of Sparrow Jones, Book 1: Open The Gate A Little",6.547560145575791,27,0.0,1.9967620011132508,2.0,178747,2022-03-28T12:57:27,2020-04-27,23
35137297,51,The Wrong Watson,8.083097448835058,34,0.0,1.9967620011132508,2.0,169384,2022-09-08T04:36:23,2021-11-15,10
14632944,101,Eco-friendly super villain,5.1954828681863106,18,0.0,1.9967620011132508,2.0,8661,2022-01-30T10:35:41,2018-05-13,44
37247809,100,Next Level,7.9335132431874325,20,0.0,1.9967620011132508,1.956887864209901,9496,2022-03-06T20:12:22,2022-02-27,1
36579043,60,Space for 2?,5.61234818259002,15,0.0,1.0,2.0,17779,2022-09-05T20:23:36,2022-01-22,8
3808318,16,Nature Girl,4.408297494487977,12,0.0,1.9967620011132508,2.0,22732,2022-08-23T23:21:39,2015-04-23,88
9519035,120,melt my frozen heart,4.181209087371109,10,0.0,1.4142135623730951,2.5968491788439394,3142,2022-01-14T12:19:00,2017-01-30,60
8549734,422,Taking the First Step,6.067961983221719,25,0.0,1.0,1.956887864209901,7758,2022-01-12T21:00:42,2016-11-14,62
41282532,23,Constructive Criticism,5.9249841161378205,17,0.0,1.0,1.7320508075688776,8943,2022-09-24T17:50:42,2022-08-26,1
8302891,77,√ätre Aim√©,4.4088162805009095,16,0.0,1.4142135623730951,2.5968491788439394,2618,2022-08-23T23:20:05,2016-10-16,70
41270478,60,You claimed my heart,5.9455431437695445,22,0.0,1.0,1.956887864209901,1359,2022-09-24T01:48:57,2022-08-25,1
40936809,26,The Moon Knows What We Don't,8.368839154438927,54,0.0,1.4142135623730951,2.5968491788439394,2965,2022-09-22T21:54:54,2022-08-10,1
40728414,113,Vestalis Maxima,6.050514123030824,25,0.0,1.0,1.956887864209901,7502,2022-09-25T14:33:18,2022-08-01,1
40676892,2,sweet like candy,9.480486408253624,48,0.0,1.0,2.0,225,2022-09-22T10:30:38,2022-07-30,2
40585341,293,"Cut me up, kiss me harder",6.892753013867601,26,0.0,1.0,1.956887864209901,9431,2022-09-26T03:02:53,2022-07-26,2
40385775,463,Can We Start Believing,4.192096762852442,11,0.0,1.0,2.5968491788439394,8186,2022-09-23T14:39:32,2022-07-18,2
40343172,277,He Loves Me (He Loves Me Not),6.231265368518562,26,0.0,1.4142135623730951,1.956887864209901,3145,2022-09-25T22:59:10,2022-07-16,2
40571724,32,Park Jimin Hates Everyone!,8.147825314450689,48,0.0,1.0,2.0,8258,2022-09-25T08:38:37,2022-07-26,2
39496995,188,The Cat that Got the Cream,8.91859763348095,38,0.0,1.0,1.956887864209901,4295,2022-06-19T01:34:26,2022-06-07,0
39496896,29,What We Used To Be,5.383684610876333,26,0.0,1.0,2.0,9041,2022-06-19T01:21:34,2022-06-07,0
39474339,35,Freaky Friday Miracle,6.511802587541857,26,0.0,1.0,2.5968491788439394,3986,2022-09-09T18:13:22,2022-06-06,3
39402738,30,Collage au,7.663291039370796,35,0.0,1.4142135623730951,2.5968491788439394,7477,2022-06-19T20:36:54,2022-06-03,0
39132915,40,"Burn me, bite me",7.801421673468766,31,0.0,1.0,2.5968491788439394,8558,2022-09-06T02:18:43,2022-05-21,4
38854500,332,The Curious Case of Kim Taehyung,8.624620859551161,53,0.0,1.0,1.956887864209901,8141,2022-09-16T02:49:46,2022-05-08,4
38852946,849,Seeking Warmth,7.756940286965705,54,0.0,1.0,1.956887864209901,9888,2022-09-16T02:32:52,2022-05-07,4
38697954,68,Talk Alpha To Me,4.758064053300952,37,0.0,1.0,1.956887864209901,5784,2022-09-06T17:03:08,2022-05-01,4
38833623,160,Against The Grain,7.015285344894112,36,0.0,1.0,2.0,5941,2022-06-20T07:01:08,2022-05-06,1
38409151,17,Tasteless Medicine,5.575781586583703,20,1.0,1.0,2.0,4447,2022-06-16T12:45:43,2022-04-15,2
38362561,28,The Peach Blossom Of Your Heart,4.075823841724743,12,0.0,1.9967620011132508,2.5968491788439394,3986,2022-09-08T15:21:53,2022-04-13,5
37505626,1893,Entrust Yourself To Me,5.117517361480345,17,0.0,1.0,1.956887864209901,9411,2022-06-15T00:17:56,2022-03-09,3
37417672,113,Right Under Your Nose,5.181852142600504,15,0.0,1.0,1.956887864209901,8060,2022-03-07T01:16:52,2022-02-28,1
37538551,12,Two worlds,2.8086717285268,4,0.0,1.0,2.5968491788439394,7580,2022-09-09T23:55:24,2022-03-05,6
37515784,2,Drawings and Photographs,3.8541835272903313,10,0.0,1.0,2.5968491788439394,1234,2022-09-09T17:52:13,2022-03-04,6
37515751,4,Drawings and Photographs,3.8541835272903313,10,0.0,1.0,2.5968491788439394,1235,2022-09-09T17:51:31,2022-03-04,6
36878407,27,roke na ruke,4.523227799872826,9,0.0,1.0,2.5968491788439394,3174,2022-03-05T01:27:34,2022-02-04,1
36696646,3,(even if I try to hide it) it can't be erased,6.5331583596793354,24,1.0,1.0,2.5968491788439394,5132,2022-03-04T16:15:22,2022-01-27,2
36600349,44,For You And For Me,6.02166142619982,26,0.0,1.0,2.5968491788439394,2686,2022-02-17T12:03:40,2022-01-23,1
36487378,109,with love on the line,5.532945468668332,23,0.0,1.0,1.956887864209901,7073,2022-06-19T22:31:17,2022-02-02,4
36319654,6,A run with wolves,4.830200325647128,25,0.0,1.0,2.0,3227,2022-09-08T06:46:02,2022-01-10,8
35872456,22,Have the leaves ever faulted you?,5.063124478303126,13,0.0,1.9967620011132508,1.956887864209901,7878,2022-09-10T05:57:03,2021-12-22,9
35450587,94,I Can Never Say No,7.842564253150018,36,0.0,1.0,1.956887864209901,9117,2022-09-06T05:30:55,2021-12-01,9
35450026,123,Young Pup,4.197740455579817,13,0.0,1.0,2.5968491788439394,5090,2022-02-19T04:16:38,2021-12-01,2
35474089,59,Diminie (Don't Leave Me),5.600461906587681,20,0.0,1.0,2.0,2738,2022-09-06T11:01:53,2021-12-02,9
35191639,58,Howling For You,6.193461725371879,22,0.0,1.4142135623730951,1.956887864209901,2081,2022-09-08T19:08:25,2021-11-23,10
34981987,68,Love Bite,5.25049785120381,16,0.0,1.0,1.956887864209901,3254,2022-09-06T14:19:42,2021-11-07,10
35197639,284,Sleeping with the Enemy,7.339317580847952,31,0.0,1.0,2.5968491788439394,3412,2022-09-08T20:52:00,2021-11-18,10
34695721,153,love me like that,6.733364895084835,27,0.0,1.9967620011132508,2.5968491788439394,6808,2022-02-14T17:55:54,2022-01-06,1
32047198,1932,The Sex Bet,5.636139025774714,24,0.0,1.0,1.956887864209901,5581,2022-02-15T17:35:23,2021-06-19,8
32539897,42,Blood Link,5.634513433410957,14,0.0,1.0,1.956887864209901,8766,2022-09-05T18:33:36,2021-07-12,14
32616217,4,Trust Your Gut for Once,4.42923808075387,14,0.0,1.4142135623730951,2.0,1727,2022-09-06T08:54:39,2021-07-16,14
32093167,26,sweet dreams (are made of this),5.558889240563111,17,0.0,1.4142135623730951,2.5968491788439394,1297,2022-09-08T00:14:00,2021-06-22,15
31889497,375,inevitable,5.85788995243543,20,0.0,1.0,2.5968491788439394,2523,2021-08-09T11:14:19,2021-06-12,2
31864909,84,The Highest Form of Affection,5.9699549173894955,14,0.0,1.0,1.956887864209901,2497,2022-09-06T08:57:19,2021-06-10,15
31734424,156,When the dust settles (Will we be alright?),5.052320744401884,15,0.0,1.0,1.956887864209901,3272,2021-08-07T03:49:15,2021-06-04,2
31646303,105,Summerset Eyes and Bloodstained Ties,5.507569047763184,16,0.0,1.0,1.956887864209901,8223,2021-11-21T19:10:16,2021-05-31,6
31478501,388,The Bad Boy Next Door,5.24769718071125,17,0.0,1.0,2.5968491788439394,5544,2021-08-06T15:35:15,2021-06-10,2
29550879,27,My Wildflower,7.725901221097224,44,0.0,1.9967620011132508,2.5968491788439394,1964,2022-09-09T21:09:12,2021-02-19,19
29463693,236,How to Tie a Tie,4.258129935639721,14,0.0,1.4142135623730951,2.5968491788439394,8108,2022-04-28T22:57:10,2021-02-15,14
28927866,40,"Amidst the petals, I reminisce you",6.775996793399999,25,0.0,1.0,2.5968491788439394,5471,2022-09-09T16:57:25,2021-06-24,15
28940898,244,"to my lover, i'd never lie",4.617193498248199,15,0.0,1.3828992025720797,1.956887864209901,2627,2022-04-27T07:05:30,2021-01-26,15
28339281,48,Roommate,6.05705100454776,36,1.0,1.0,2.5968491788439394,3224,2022-09-10T00:08:00,2020-12-26,21
27973059,319,Soft Christmas,4.911785575400213,12,0.0,1.9967620011132508,1.956887864209901,4724,2022-04-14T06:22:12,2020-12-09,16
27830629,20,Turkey Drop,6.591183174610864,33,0.0,1.9967620011132508,1.956887864209901,2566,2022-04-19T14:51:27,2020-12-02,16
27239371,163,The Heart Asks Pleasure First,5.720009273620307,16,0.0,1.0,1.956887864209901,8712,2022-08-30T01:17:32,2020-10-28,22
27231328,1567,Walkie Talkie Conversation,3.6483269701674272,6,0.0,1.0,1.0,3538,2022-04-17T06:19:32,2020-10-27,18
27088858,18,Wish wishes came true,4.476633675708728,12,0.0,1.0,2.5968491788439394,5558,2022-09-03T08:22:53,2020-10-18,23
27088972,267,Where the friendship ends and love begins,4.587347764454442,9,0.0,1.0,2.5968491788439394,4211,2022-04-19T22:36:42,2020-10-18,18
27085504,231,after the rain,7.080138216581018,19,0.0,1.0,2.5968491788439394,9052,2022-09-03T07:50:28,2020-10-20,23
27052192,22,fairytales do not exist,5.65141881360232,21,0.0,1.0,2.5968491788439394,4049,2022-09-03T00:52:57,2020-10-16,23
26806735,161,Holding Out for a Hero,5.469533392040018,29,0.0,1.0,2.5968491788439394,5755,2022-09-01T00:23:22,2020-10-04,23
27101053,1806,i'm gonna sneak up in the dark night (and jump into your dreams),6.115186962931392,18,0.0,1.0,2.0,7022,2022-04-20T21:08:11,2020-10-19,18
26783932,613,you got the spice I got the sugar (sugar and spice and everything nice),4.477751085527956,11,0.0,1.0,1.956887864209901,7172,2022-04-19T13:18:06,2020-10-03,18
26745196,1423,winter flower,6.860119441227818,21,0.0,1.0,1.956887864209901,8619,2022-04-16T09:37:09,2020-10-04,18
26512780,16,Peace Land,5.4231941329179225,20,0.0,1.4142135623730951,2.5968491788439394,2211,2022-08-29T07:23:55,2020-09-17,23
26437366,84,can't believe it,4.6417943704687135,10,0.0,1.0,2.5968491788439394,2541,2022-04-16T11:09:12,2020-09-13,19
26409082,233,Mint Chocolate,3.9190546738596432,6,0.0,1.9967620011132508,1.956887864209901,2262,2022-04-14T06:04:48,2020-09-11,19
26297113,654,The One That I Want,5.206251737477849,16,0.0,1.0,1.956887864209901,7694,2022-04-12T09:42:59,2020-09-05,19
26143084,13,The Sapphire Omen,6.468634843562581,22,0.0,1.9967620011132508,2.0,6730,2022-08-31T17:18:28,2020-08-29,24
26469208,30,Fires At Night,5.142504709150176,20,0.0,1.9967620011132508,2.5968491788439394,3641,2022-09-03T19:46:04,2020-09-14,24
25829587,7,Kleptomaniac,4.863967930044991,12,0.0,1.0,1.7320508075688772,933,2022-09-03T16:20:47,2020-08-11,25
26024818,91,The Snowball Effect,6.733035396414655,29,0.0,1.0,2.5968491788439394,6945,2022-08-30T16:12:20,2020-08-23,24
25732249,1701,"Fake Bite, Real Love",4.09267354240236,12,0.0,1.0,1.956887864209901,2265,2022-04-08T15:43:01,2020-08-05,20
25661128,257,How to Get Fit and Win a Mate in 28 Days (or Less),5.699251039645759,15,0.0,1.0,1.956887864209901,6505,2022-04-11T03:59:59,2020-08-02,20
25632310,1620,Knot Tease,4.182676741696536,13,0.0,1.0,1.956887864209901,1809,2022-04-08T21:07:04,2020-07-31,21
25322932,312,"Mine, Omega-Mine",4.22275897025822,10,0.0,1.0,1.956887864209901,2560,2022-04-08T14:48:10,2020-07-17,21
2522825,525,Don't Stop,5.196456045443782,15,0.0,1.0,1.956887864209901,1741,2022-05-27T21:37:21,2014-10-27,91
25174246,1962,my heart was built for you,5.915682208566292,22,0.0,1.0,1.956887864209901,9354,2022-04-12T22:14:28,2020-07-10,21
24797914,752,"Oh, To Be Young",4.972782537525351,30,0.0,1.3828992025720797,1.956887864209901,4088,2022-04-07T22:05:38,2020-06-19,22
24708481,2467,undisclosed desires,4.3651949167677415,8,0.0,1.0,1.956887864209901,6300,2022-04-09T05:09:44,2020-06-14,22
24343684,138,i'll be by your side (anytime you're needing me),3.8247425117500558,6,0.0,1.3828992025720797,1.956887864209901,4024,2022-04-05T01:43:05,2020-05-23,23
24310771,35,Naughty (And Not Nice),3.4298660910912817,5,0.0,1.4142135623730951,2.5968491788439394,941,2022-09-01T20:49:17,2020-05-21,28
24112396,1359,Showing Affection,4.108223673323936,12,0.0,1.9967620011132508,1.956887864209901,1760,2022-04-02T03:17:52,2020-05-10,23
19766230,40,set my soul ablaze,5.771673050337807,20,0.0,1.9967620011132508,1.956887864209901,6634,2022-03-15T13:32:04,2019-07-11,32
28903533,199,There's gotta be a reason that I'm here on Earth,4.041208452269418,11,0.0,1.4142135623730951,1.956887864209901,19412,2022-04-24T11:48:41,2021-01-22,15
16644842,7,We're Gonna Make It,7.170451990598229,35,0.0,1.9967620011132508,2.0,721,2022-08-29T12:49:43,2018-11-19,45
26235385,98,Summer's End,7.427197487242963,33,0.0,1.4142135623730951,2.5968491788439394,45946,2022-04-07T15:26:42,2020-10-01,18
35588326,40,Tsukiakari no mori ÊúàÊòé„Åã„Çä„ÅÆÊ£Æ,4.655259693713662,10,0.0,1.0,1.956887864209901,11718,2022-02-20T08:04:10,2021-12-08,2
11749293,58,Winds of Change,3.3777264911855207,11,0.0,1.3828992025720797,1.956887864209901,2117,2022-01-21T21:31:21,2017-08-08,53
32863057,123,9-1-1: Paradise,6.675610514688444,30,0.0,1.0,1.956887864209901,13811,2022-09-08T01:17:43,2021-07-27,14
34551886,179,To Fly the Skies,8.637734425413058,53,0.0,1.0,1.956887864209901,60838,2022-02-21T08:39:36,2021-10-17,4
39824601,216,coastlines,5.414810950592078,33,0.0,1.9967620011132508,2.5968491788439394,38652,2022-09-15T14:33:55,2022-06-23,3
23151022,2,Untitled,5.66347795751679,19,0.0,1.0,1.956887864209901,79,2022-09-02T00:28:40,2020-04-15,29
23780437,11,‚ú¶ Pregame Sleepover ~ Not Too Happy Friendship ‚ú¶,5.89363503232565,16,0.0,1.0,1.7320508075688772,332,2022-09-02T12:32:11,2020-05-19,28
1551074,34,Deep Blue,4.379518526440165,12,0.0,1.0,2.5968491788439394,12660,2022-08-20T10:42:33,2014-05-01,99
4925572,1006,"Defend Not The Man, But The Mind",7.567256807720519,40,1.0,1.0,2.5968491788439394,166027,2022-08-21T09:17:39,2015-10-03,82
32421001,102,It‚Äôs No Game,6.408784771102051,27,0.0,1.0,2.5968491788439394,114410,2022-09-10T04:03:40,2021-07-28,14
39839994,97,"Counting Up, Counting Down",5.7049536890356505,25,0.0,1.0,2.5968491788439394,40840,2022-09-16T12:21:54,2022-07-10,2
39873963,11,Desires Of The Heart,4.893219679523597,14,0.0,1.0,1.7320508075688772,1986,2022-09-18T11:43:52,2022-06-25,3
24847708,7,You Planted Something I Couldn‚Äôt Uproot,4.249036939345284,6,0.0,1.0,2.5968491788439394,5611,2022-04-11T17:11:01,2020-06-21,22
21579202,54,Forget Me Not,6.7636005064166875,19,0.0,1.9967620011132508,1.7320508075688772,9860,2022-03-19T18:09:40,2019-11-27,28
28517970,157,Light in the Dark,5.534117247787954,14,0.0,1.0,2.5968491788439394,18720,2022-04-26T16:27:53,2021-01-03,15
6940576,175,A Good Man is Hard to Find,5.458554260391649,17,0.0,1.0,2.5968491788439394,4599,2022-04-17T11:54:19,2016-05-23,71
22308679,108,Fallen City,11.162849713374179,81,0.0,1.0,2.0,97190,2022-03-20T06:44:40,2020-01-18,26
7767838,987,"A Life, Together",5.154609297797915,18,0.0,1.9967620011132508,1.956887864209901,36475,2022-04-23T21:13:17,2016-08-14,68
13870854,477,Daily Lives of Volleyball Players (Haikyuu one-shots!),9.44030770190351,63,0.0,1.0,1.956887864209901,40090,2022-08-24T22:02:36,2018-03-07,53
30097446,138,long way home,4.055175368946498,8,0.0,1.3828992025720797,1.956887864209901,3307,2022-04-30T06:28:35,2021-03-19,13
5057191,189,Sacrifice the Body,5.826855200890845,17,0.0,1.0,2.5968491788439394,27213,2022-04-12T16:59:06,2015-10-23,78
36615463,62,Find Me After The World Ends,6.968607706319984,41,1.0,1.9967620011132508,2.0,21887,2022-09-06T06:29:15,2022-01-23,8
36182875,91,nowhere man,6.348057263498813,30,1.0,1.4142135623730951,2.5968491788439394,95258,2022-09-07T07:35:05,2022-01-07,8
27441211,167,SEROTINE,6.2769993480701025,20,1.0,1.9967620011132508,1.956887864209901,30564,2022-08-31T18:07:27,2020-11-07,21
4681226,895,And If I Stand Next to You,6.914750759734567,38,0.0,1.0,1.956887864209901,199884,2022-08-25T06:40:57,2015-08-29,84
4080331,2,So It Goes,2.1798450816933164,1,0.0,1.0,2.5968491788439394,297,2021-07-30T20:13:08,2015-06-05,73
6559426,2,So It Goes,2.1798450816933164,1,0.0,1.0,2.5968491788439394,297,2021-07-30T20:13:08,2015-06-05,73
13336311,2,So It Goes,2.1798450816933164,1,0.0,1.0,2.5968491788439394,297,2021-07-30T20:13:08,2015-06-05,73
14019636,2,So It Goes,2.1798450816933164,1,0.0,1.0,2.5968491788439394,297,2021-07-30T20:13:08,2015-06-05,73
15194498,2,So It Goes,2.1798450816933164,1,0.0,1.0,2.5968491788439394,297,2021-07-30T20:13:08,2015-06-05,73
16185959,2,So It Goes,2.1798450816933164,1,0.0,1.0,2.5968491788439394,297,2021-07-30T20:13:08,2015-06-05,73
19430560,2,So It Goes,2.1798450816933164,1,0.0,1.0,2.5968491788439394,297,2021-07-30T20:13:08,2015-06-05,73
19716943,2,So It Goes,2.1798450816933164,1,0.0,1.0,2.5968491788439394,297,2021-07-30T20:13:08,2015-06-05,73
23519050,2,So It Goes,2.1798450816933164,1,0.0,1.0,2.5968491788439394,297,2021-07-30T20:13:08,2015-06-05,73
26151193,2,So It Goes,2.1798450816933164,1,0.0,1.0,2.5968491788439394,297,2021-07-30T20:13:08,2015-06-05,73
28737306,2,So It Goes,2.1798450816933164,1,0.0,1.0,2.5968491788439394,297,2021-07-30T20:13:08,2015-06-05,73
30906842,2,So It Goes,2.1798450816933164,1,0.0,1.0,2.5968491788439394,297,2021-07-30T20:13:08,2015-06-05,73
32463016,2,So It Goes,2.1798450816933164,1,0.0,1.0,2.5968491788439394,297,2021-07-30T20:13:08,2015-06-05,73
34765081,2,So It Goes,2.1798450816933164,1,0.0,1.0,2.5968491788439394,297,2021-07-30T20:13:08,2015-06-05,73
34893019,2,So It Goes,2.1798450816933164,1,0.0,1.0,2.5968491788439394,297,2021-07-30T20:13:08,2015-06-05,73
35499544,2,So It Goes,2.1798450816933164,1,0.0,1.0,2.5968491788439394,297,2021-07-30T20:13:08,2015-06-05,73
35976886,2,So It Goes,2.1798450816933164,1,0.0,1.0,2.5968491788439394,297,2021-07-30T20:13:08,2015-06-05,73
38272240,2,So It Goes,2.1798450816933164,1,0.0,1.0,2.5968491788439394,297,2021-07-30T20:13:08,2015-06-05,73
