words,amount_keywords,up_time,keywords_mean,keywords_max,keywords_min,rating_mean,rating_max,rating_min,contentWarning_mean,contentWarning_max,contentWarning_min,romanticCategory_mean,romanticCategory_max,romanticCategory_min,kudos
3538,16,18,-0.0023742958,0.29379532,-0.25367427,0.00015709833,0.009618826,-0.009603551,-0.00040125195,0.009424681,-0.009889486,0.00015709833,0.009618826,-0.009603551,1567
79,60,29,-0.0016524908,0.1571114,-0.1390849,-8.236845e-06,0.009922823,-0.009121787,0.00046170873,0.009046885,-0.008212944,0.00015709833,0.009618826,-0.009603551,2
3142,23,60,-0.0015625964,0.19673185,-0.1704652,-0.0003773534,0.008177728,-0.009071283,3.5446803e-05,0.013284376,-0.011834501,0.00015709833,0.009618826,-0.009603551,120
98580,18,194,-0.0015930361,0.18146898,-0.15569045,0.00012365142,0.008554986,-0.0082680145,0.00046170873,0.009046885,-0.008212944,0.00068080006,0.00996485,-0.009883509,43
34847,48,56,-0.0016380037,0.19743627,-0.16685586,-8.236845e-06,0.009922823,-0.009121787,3.5446803e-05,0.013284376,-0.011834501,0.00015709833,0.009618826,-0.009603551,70
19193,53,52,-0.0017204921,0.17707692,-0.15204383,0.00015709833,0.009618826,-0.009603551,3.5446803e-05,0.013284376,-0.011834501,0.00068080006,0.00996485,-0.009883509,93
89503,39,39,-0.0012649014,0.14669347,-0.12478735,-8.236845e-06,0.009922823,-0.009121787,3.5446803e-05,0.013284376,-0.011834501,0.00068080006,0.00996485,-0.009883509,4774
53003,102,14,-0.0013621678,0.16593903,-0.14395909,0.00012365142,0.008554986,-0.0082680145,0.00046170873,0.009046885,-0.008212944,0.00015709833,0.009618826,-0.009603551,465
8223,58,6,-0.0019476669,0.25905043,-0.2282184,-8.236845e-06,0.009922823,-0.009121787,0.00046170873,0.009046885,-0.008212944,0.00015709833,0.009618826,-0.009603551,105
8141,160,4,-0.001770892,0.20102938,-0.17591794,0.00015709833,0.009618826,-0.009603551,0.00046170873,0.009046885,-0.008212944,0.00015709833,0.009618826,-0.009603551,332
3348,38,3,-0.0013354821,0.1602087,-0.13547067,0.00012365142,0.008554986,-0.0082680145,0.00046170873,0.009046885,-0.008212944,0.00015709833,0.009618826,-0.009603551,55
40840,63,2,-0.00095333613,0.10952493,-0.0938263,-8.236845e-06,0.009922823,-0.009121787,3.5446803e-05,0.013284376,-0.011834501,0.00068080006,0.00996485,-0.009883509,97
1898,168,38,-0.0022683158,0.26524138,-0.23453195,-8.236845e-06,0.009922823,-0.009121787,3.5446803e-05,0.013284376,-0.011834501,0.00015709833,0.009618826,-0.009603551,201
1359,90,1,-0.0021287203,0.24928117,-0.21867216,0.00015709833,0.009618826,-0.009603551,0.00046170873,0.009046885,-0.008212944,0.00015709833,0.009618826,-0.009603551,60
297,6,73,-0.0023633065,0.19234908,-0.16959573,0.00015709833,0.009618826,-0.009603551,3.5446803e-05,0.013284376,-0.011834501,-8.236845e-06,0.009922823,-0.009121787,2
7758,57,62,-0.0018352313,0.21233033,-0.18275872,0.00015709833,0.009618826,-0.009603551,0.00046170873,0.009046885,-0.008212944,0.00015709833,0.009618826,-0.009603551,422
8219,15,18,-0.0017958942,0.21653111,-0.18604262,0.00039263593,0.008924776,-0.009150031,3.5446803e-05,0.013284376,-0.011834501,0.00068080006,0.00996485,-0.009883509,9
6808,93,1,-0.0021887652,0.24928066,-0.21776024,0.00012365142,0.008554986,-0.0082680145,3.5446803e-05,0.013284376,-0.011834501,0.00015709833,0.009618826,-0.009603551,153
297,6,73,-0.0023633065,0.19234908,-0.16959573,0.00015709833,0.009618826,-0.009603551,3.5446803e-05,0.013284376,-0.011834501,-8.236845e-06,0.009922823,-0.009121787,2
46818,17,38,-0.0021695667,0.2806842,-0.24074793,0.00012365142,0.008554986,-0.0082680145,3.5446803e-05,0.013284376,-0.011834501,0.00068080006,0.00996485,-0.009883509,365
5077,35,96,-0.0019095003,0.21060228,-0.18459372,-0.0003773534,0.008177728,-0.009071283,3.5446803e-05,0.013284376,-0.011834501,0.00015709833,0.009618826,-0.009603551,1417
45015,77,14,-0.0019955481,0.2333888,-0.20047311,0.00015709833,0.009618826,-0.009603551,0.00018749949,0.010641727,-0.012015251,0.00068080006,0.00996485,-0.009883509,42
18720,39,15,-0.0013257165,0.14110963,-0.120975934,-8.236845e-06,0.009922823,-0.009121787,3.5446803e-05,0.013284376,-0.011834501,0.00068080006,0.00996485,-0.009883509,157
1704,20,43,-0.0011493288,0.15147604,-0.12837271,-0.0003773534,0.008177728,-0.009071283,3.5446803e-05,0.013284376,-0.011834501,0.00015709833,0.009618826,-0.009603551,81
4760,43,35,-0.0024276406,0.28556874,-0.24833715,0.00015709833,0.009618826,-0.009603551,3.5446803e-05,0.013284376,-0.011834501,0.00015709833,0.009618826,-0.009603551,1105
7590,32,51,-0.0015239515,0.19230859,-0.16376676,0.00015709833,0.009618826,-0.009603551,0.00046170873,0.009046885,-0.008212944,0.00015709833,0.009618826,-0.009603551,876
4599,47,71,-0.0013486819,0.15969792,-0.14038369,0.00015709833,0.009618826,-0.009603551,3.5446803e-05,0.013284376,-0.011834501,0.00015709833,0.009618826,-0.009603551,175
140747,156,14,-0.0011915519,0.13959289,-0.120241165,-8.236845e-06,0.009922823,-0.009121787,0.00018749949,0.010641727,-0.012015251,-8.236845e-06,0.009922823,-0.009121787,95
2278,6,43,-0.0021545826,0.28976974,-0.2433341,0.00012365142,0.008554986,-0.0082680145,0.00046170873,0.009046885,-0.008212944,0.00015709833,0.009618826,-0.009603551,712
4933,108,38,-0.0019057653,0.21903704,-0.1932829,-0.0003773534,0.008177728,-0.009071283,0.00046170873,0.009046885,-0.008212944,0.00015709833,0.009618826,-0.009603551,240
2117,18,53,-0.0019003884,0.2099424,-0.17978431,0.00039263593,0.008924776,-0.009150031,0.00046170873,0.009046885,-0.008212944,0.00015709833,0.009618826,-0.009603551,58
13333,64,14,-0.0014077161,0.17295241,-0.14810373,-8.236845e-06,0.009922823,-0.009121787,0.00046170873,0.009046885,-0.008212944,0.00068080006,0.00996485,-0.009883509,38
1916,20,50,-0.001292233,0.1815743,-0.15378512,0.00015709833,0.009618826,-0.009603551,0.00046170873,0.009046885,-0.008212944,0.00068080006,0.00996485,-0.009883509,262
4775,19,47,-0.001824975,0.22934793,-0.19425942,0.00015709833,0.009618826,-0.009603551,0.00046170873,0.009046885,-0.008212944,0.00015709833,0.009618826,-0.009603551,357
8943,43,1,-0.0016994256,0.21018168,-0.18147622,0.00015709833,0.009618826,-0.009603551,0.0014004526,0.009977593,-0.00980994,0.00015709833,0.009618826,-0.009603551,23
2031,131,3,-0.0011542805,0.14132226,-0.12376656,-8.236845e-06,0.009922823,-0.009121787,3.5446803e-05,0.013284376,-0.011834501,0.00068080006,0.00996485,-0.009883509,6
8871,44,14,-0.001428214,0.14944613,-0.12848693,-8.236845e-06,0.009922823,-0.009121787,0.00046170873,0.009046885,-0.008212944,0.00068080006,0.00996485,-0.009883509,51
28341,58,55,-0.000908412,0.118900366,-0.10249363,-8.236845e-06,0.009922823,-0.009121787,0.00018749949,0.010641727,-0.012015251,-8.236845e-06,0.009922823,-0.009121787,371
127395,142,4,-0.0010992754,0.1400733,-0.12033352,-0.0003773534,0.008177728,-0.009071283,0.00018749949,0.010641727,-0.012015251,0.0006549831,0.009980517,-0.009774047,24
4176,30,14,-0.0017184138,0.2041379,-0.17659108,0.00012365142,0.008554986,-0.0082680145,0.00046170873,0.009046885,-0.008212944,0.00015709833,0.009618826,-0.009603551,162
3412,96,10,-0.0021808404,0.24790959,-0.21777393,0.00015709833,0.009618826,-0.009603551,3.5446803e-05,0.013284376,-0.011834501,0.00015709833,0.009618826,-0.009603551,284
5580,14,15,-0.0021569286,0.26557815,-0.22886567,0.00015709833,0.009618826,-0.009603551,3.5446803e-05,0.013284376,-0.011834501,0.00068080006,0.00996485,-0.009883509,79
1277,30,39,-0.0013777671,0.1728442,-0.14594361,0.00012365142,0.008554986,-0.0082680145,0.00046170873,0.009046885,-0.008212944,0.00015709833,0.009618826,-0.009603551,87
1930,42,3,-0.0016411778,0.18489157,-0.15767074,-8.236845e-06,0.009922823,-0.009121787,0.00046170873,0.009046885,-0.008212944,0.00015709833,0.009618826,-0.009603551,211
13811,84,14,-0.0013182438,0.14348713,-0.12535842,-8.236845e-06,0.009922823,-0.009121787,0.00046170873,0.009046885,-0.008212944,-8.236845e-06,0.009922823,-0.009121787,123
2937,6,56,-0.0014567003,0.25518426,-0.22121282,0.00012365142,0.008554986,-0.0082680145,3.5446803e-05,0.013284376,-0.011834501,0.00015709833,0.009618826,-0.009603551,29
7541,14,14,-0.0016566133,0.19068731,-0.16125931,0.00012365142,0.008554986,-0.0082680145,0.00046170873,0.009046885,-0.008212944,0.00068080006,0.00996485,-0.009883509,33
2417,24,172,-0.0013590776,0.15321924,-0.13125956,0.00012365142,0.008554986,-0.0082680145,0.00046170873,0.009046885,-0.008212944,0.0006549831,0.009980517,-0.009774047,20
28631,29,60,-0.0018988198,0.21397586,-0.18483368,0.00039263593,0.008924776,-0.009150031,3.5446803e-05,0.013284376,-0.011834501,0.00068080006,0.00996485,-0.009883509,258
3224,139,21,-0.0021407744,0.2689235,-0.23747574,0.00015709833,0.009618826,-0.009603551,3.5446803e-05,0.013284376,-0.011834501,0.0006549831,0.009980517,-0.009774047,48
933,35,25,-0.0019625605,0.2346908,-0.2034161,0.00015709833,0.009618826,-0.009603551,0.0008033614,0.010229348,-0.008849426,0.00015709833,0.009618826,-0.009603551,7
297,6,73,-0.0023633065,0.19234908,-0.16959573,0.00015709833,0.009618826,-0.009603551,3.5446803e-05,0.013284376,-0.011834501,-8.236845e-06,0.009922823,-0.009121787,2
4662,23,51,-0.0020043224,0.23090369,-0.20230557,-0.0003773534,0.008177728,-0.009071283,0.00046170873,0.009046885,-0.008212944,0.00015709833,0.009618826,-0.009603551,966
3254,49,10,-0.0020274532,0.2752745,-0.23990811,-8.236845e-06,0.009922823,-0.009121787,0.00046170873,0.009046885,-0.008212944,0.00015709833,0.009618826,-0.009603551,68
297,6,73,-0.0023633065,0.19234908,-0.16959573,0.00015709833,0.009618826,-0.009603551,3.5446803e-05,0.013284376,-0.011834501,-8.236845e-06,0.009922823,-0.009121787,2
3270,16,5,-0.0016175542,0.19258326,-0.16497013,0.00039263593,0.008924776,-0.009150031,3.5446803e-05,0.013284376,-0.011834501,0.00068080006,0.00996485,-0.009883509,65
5042,31,46,-0.0014180103,0.16004393,-0.13727051,0.00015709833,0.009618826,-0.009603551,0.00046170873,0.009046885,-0.008212944,0.00015709833,0.009618826,-0.009603551,1508
297027,120,15,-0.0012256361,0.13715035,-0.11779582,-8.236845e-06,0.009922823,-0.009121787,3.5446803e-05,0.013284376,-0.011834501,0.00015709833,0.009618826,-0.009603551,116
6945,105,24,-0.0019157359,0.2488994,-0.21651417,0.00015709833,0.009618826,-0.009603551,3.5446803e-05,0.013284376,-0.011834501,0.00015709833,0.009618826,-0.009603551,91
5544,54,2,-0.002158151,0.27776396,-0.24286607,-8.236845e-06,0.009922823,-0.009121787,3.5446803e-05,0.013284376,-0.011834501,0.00015709833,0.009618826,-0.009603551,388
8165,108,55,-0.0017179495,0.17988662,-0.15588036,0.00039263593,0.008924776,-0.009150031,0.00046170873,0.009046885,-0.008212944,0.00068080006,0.00996485,-0.009883509,137
23186,49,38,-0.000996252,0.117871694,-0.10102594,0.00015709833,0.009618826,-0.009603551,0.00046170873,0.009046885,-0.008212944,0.00015709833,0.009618826,-0.009603551,3172
297,6,73,-0.0023633065,0.19234908,-0.16959573,0.00015709833,0.009618826,-0.009603551,3.5446803e-05,0.013284376,-0.011834501,-8.236845e-06,0.009922823,-0.009121787,2
2686,75,1,-0.0019940815,0.25665882,-0.2241482,-8.236845e-06,0.009922823,-0.009121787,3.5446803e-05,0.013284376,-0.011834501,0.00068080006,0.00996485,-0.009883509,44
37219,39,13,-0.0014841526,0.17701814,-0.15227188,-8.236845e-06,0.009922823,-0.009121787,0.0008033614,0.010229348,-0.008849426,0.00068080006,0.00996485,-0.009883509,86
8256,7,22,-0.0021617673,0.25184026,-0.21939756,0.00012365142,0.008554986,-0.0082680145,3.5446803e-05,0.013284376,-0.011834501,0.00015709833,0.009618826,-0.009603551,26
9485,20,44,-0.0026004896,0.29536086,-0.2580791,0.00015709833,0.009618826,-0.009603551,0.00046170873,0.009046885,-0.008212944,0.00015709833,0.009618826,-0.009603551,706
1979,26,15,-0.0026334936,0.30673584,-0.26452973,0.00039263593,0.008924776,-0.009150031,3.5446803e-05,0.013284376,-0.011834501,0.00068080006,0.00996485,-0.009883509,56
154188,134,25,-0.00178365,0.20606248,-0.18003656,-8.236845e-06,0.009922823,-0.009121787,0.00046170873,0.009046885,-0.008212944,0.00015709833,0.009618826,-0.009603551,4378
1616,43,62,-0.0018939914,0.2371507,-0.20659137,0.00015709833,0.009618826,-0.009603551,3.5446803e-05,0.013284376,-0.011834501,0.00015709833,0.009618826,-0.009603551,132
17546,58,18,-0.0012195954,0.13405289,-0.115213156,-8.236845e-06,0.009922823,-0.009121787,0.00046170873,0.009046885,-0.008212944,0.0006549831,0.009980517,-0.009774047,66
941,15,28,-0.002740789,0.36296183,-0.317588,-0.0003773534,0.008177728,-0.009071283,3.5446803e-05,0.013284376,-0.011834501,0.00015709833,0.009618826,-0.009603551,35
14643,54,4,-0.0013998442,0.15304703,-0.13166882,0.00012365142,0.008554986,-0.0082680145,0.00046170873,0.009046885,-0.008212944,0.00015709833,0.009618826,-0.009603551,587
45946,78,18,-0.0011290764,0.12601376,-0.109890096,-0.0003773534,0.008177728,-0.009071283,3.5446803e-05,0.013284376,-0.011834501,0.00015709833,0.009618826,-0.009603551,98
2389,97,45,-0.0015494835,0.16080442,-0.13878357,0.00039263593,0.008924776,-0.009150031,0.00046170873,0.009046885,-0.008212944,0.00068080006,0.00996485,-0.009883509,292
2738,71,9,-0.0017974891,0.20295706,-0.1774663,0.00015709833,0.009618826,-0.009603551,0.00018749949,0.010641727,-0.012015251,0.00015709833,0.009618826,-0.009603551,59
4724,35,16,-0.0022287131,0.26607615,-0.23273635,0.00012365142,0.008554986,-0.0082680145,0.00046170873,0.009046885,-0.008212944,0.00015709833,0.009618826,-0.009603551,319
5784,94,4,-0.0016479094,0.18302213,-0.15726037,0.00015709833,0.009618826,-0.009603551,0.00046170873,0.009046885,-0.008212944,0.00015709833,0.009618826,-0.009603551,68
4177,36,4,-0.0014633548,0.15480445,-0.13528194,-8.236845e-06,0.009922823,-0.009121787,3.5446803e-05,0.013284376,-0.011834501,0.00015709833,0.009618826,-0.009603551,1014
9300,61,201,-0.0010629604,0.11553137,-0.098533265,0.00015709833,0.009618826,-0.009603551,0.00046170873,0.009046885,-0.008212944,0.00015709833,0.009618826,-0.009603551,1195
9126,28,35,-0.001731643,0.22156596,-0.19139718,0.00015709833,0.009618826,-0.009603551,3.5446803e-05,0.013284376,-0.011834501,0.00015709833,0.009618826,-0.009603551,637
110937,106,3,-0.0010923751,0.13129139,-0.112848185,0.00015709833,0.009618826,-0.009603551,0.00046170873,0.009046885,-0.008212944,0.00015709833,0.009618826,-0.009603551,124
3174,32,1,-0.002450164,0.2834457,-0.24627204,-8.236845e-06,0.009922823,-0.009121787,3.5446803e-05,0.013284376,-0.011834501,0.00015709833,0.009618826,-0.009603551,27
297,6,73,-0.0023633065,0.19234908,-0.16959573,0.00015709833,0.009618826,-0.009603551,3.5446803e-05,0.013284376,-0.011834501,-8.236845e-06,0.009922823,-0.009121787,2
15962,11,40,-0.0023092832,0.26201203,-0.22888683,0.00015709833,0.009618826,-0.009603551,0.00046170873,0.009046885,-0.008212944,0.00068080006,0.00996485,-0.009883509,1588
4447,53,2,-0.0013149653,0.17088723,-0.14859839,0.00015709833,0.009618826,-0.009603551,0.00018749949,0.010641727,-0.012015251,0.0006549831,0.009980517,-0.009774047,17
2566,153,16,-0.0020498366,0.22804868,-0.20158418,0.00012365142,0.008554986,-0.0082680145,0.00046170873,0.009046885,-0.008212944,0.00015709833,0.009618826,-0.009603551,20
3641,43,24,-0.0017583366,0.18979993,-0.16430078,0.00012365142,0.008554986,-0.0082680145,3.5446803e-05,0.013284376,-0.011834501,0.00015709833,0.009618826,-0.009603551,30
21662,45,15,-0.0014449694,0.1756309,-0.15171392,-0.0003773534,0.008177728,-0.009071283,3.5446803e-05,0.013284376,-0.011834501,0.00068080006,0.00996485,-0.009883509,257
7362,30,4,-0.0016970598,0.22036122,-0.18824917,0.00015709833,0.009618826,-0.009603551,0.00046170873,0.009046885,-0.008212944,0.00068080006,0.00996485,-0.009883509,213
58402,42,70,-0.0015332762,0.15815982,-0.1353943,0.00015709833,0.009618826,-0.009603551,0.00046170873,0.009046885,-0.008212944,0.00068080006,0.00996485,-0.009883509,818
3181,30,12,-0.002057688,0.23358972,-0.20083527,0.00039263593,0.008924776,-0.009150031,0.00046170873,0.009046885,-0.008212944,-8.236845e-06,0.009922823,-0.009121787,101
7326,25,94,-0.0015928681,0.18651763,-0.16149691,0.00015709833,0.009618826,-0.009603551,3.5446803e-05,0.013284376,-0.011834501,0.00015709833,0.009618826,-0.009603551,965
1741,29,91,-0.0017044131,0.21147566,-0.1809774,0.00015709833,0.009618826,-0.009603551,0.00046170873,0.009046885,-0.008212944,0.00015709833,0.009618826,-0.009603551,525
297,6,73,-0.0023633065,0.19234908,-0.16959573,0.00015709833,0.009618826,-0.009603551,3.5446803e-05,0.013284376,-0.011834501,-8.236845e-06,0.009922823,-0.009121787,2
1221,10,51,-0.0016046447,0.22247413,-0.18922646,0.00012365142,0.008554986,-0.0082680145,3.5446803e-05,0.013284376,-0.011834501,0.00068080006,0.00996485,-0.009883509,19
2423,117,65,-0.0013155423,0.16287243,-0.1416315,-8.236845e-06,0.009922823,-0.009121787,3.5446803e-05,0.013284376,-0.011834501,0.00068080006,0.00996485,-0.009883509,106
655,30,63,-0.0019041296,0.19644155,-0.16777901,0.00012365142,0.008554986,-0.0082680145,0.00046170873,0.009046885,-0.008212944,0.00015709833,0.009618826,-0.009603551,768
5472,37,7,-0.0019259267,0.23630655,-0.20356907,-8.236845e-06,0.009922823,-0.009121787,3.5446803e-05,0.013284376,-0.011834501,0.00015709833,0.009618826,-0.009603551,7
9117,127,9,-0.001963945,0.2338855,-0.20644075,-8.236845e-06,0.009922823,-0.009121787,0.00046170873,0.009046885,-0.008212944,0.00015709833,0.009618826,-0.009603551,94
297,6,73,-0.0023633065,0.19234908,-0.16959573,0.00015709833,0.009618826,-0.009603551,3.5446803e-05,0.013284376,-0.011834501,-8.236845e-06,0.009922823,-0.009121787,2
1809,30,21,-0.0021321354,0.25296128,-0.21786313,0.00015709833,0.009618826,-0.009603551,0.00046170873,0.009046885,-0.008212944,0.00015709833,0.009618826,-0.009603551,1620
5941,84,1,-0.001060382,0.13330963,-0.11346457,0.00015709833,0.009618826,-0.009603551,0.00018749949,0.010641727,-0.012015251,0.00015709833,0.009618826,-0.009603551,160
7022,47,18,-0.001448104,0.19405882,-0.16738878,0.00015709833,0.009618826,-0.009603551,0.00018749949,0.010641727,-0.012015251,0.00015709833,0.009618826,-0.009603551,1806
41750,116,8,-0.00097449095,0.10244376,-0.0878424,0.00012365142,0.008554986,-0.0082680145,0.00046170873,0.009046885,-0.008212944,-8.236845e-06,0.009922823,-0.009121787,11
297,6,73,-0.0023633065,0.19234908,-0.16959573,0.00015709833,0.009618826,-0.009603551,3.5446803e-05,0.013284376,-0.011834501,-8.236845e-06,0.009922823,-0.009121787,2
14320,37,20,-0.0017571219,0.21602629,-0.1839512,0.00012365142,0.008554986,-0.0082680145,3.5446803e-05,0.013284376,-0.011834501,0.00068080006,0.00996485,-0.009883509,21
4314,10,39,-0.0015691014,0.23939666,-0.20034726,0.00012365142,0.008554986,-0.0082680145,0.00046170873,0.009046885,-0.008212944,0.00068080006,0.00996485,-0.009883509,71
151583,33,14,-0.0020301642,0.22315909,-0.19276921,-8.236845e-06,0.009922823,-0.009121787,0.00046170873,0.009046885,-0.008212944,0.00068080006,0.00996485,-0.009883509,46
225,186,2,-0.0011036695,0.142503,-0.12489706,-8.236845e-06,0.009922823,-0.009121787,0.00018749949,0.010641727,-0.012015251,-8.236845e-06,0.009922823,-0.009121787,2
20152,92,71,-0.00084762805,0.0961516,-0.08231974,0.00012365142,0.008554986,-0.0082680145,3.5446803e-05,0.013284376,-0.011834501,0.00015709833,0.009618826,-0.009603551,36
6642,42,43,-0.0018876216,0.22114775,-0.19027634,0.00015709833,0.009618826,-0.009603551,0.00046170873,0.009046885,-0.008212944,0.00015709833,0.009618826,-0.009603551,1277
8599,163,7,-0.0008497537,0.10320654,-0.0903477,0.00012365142,0.008554986,-0.0082680145,0.00018749949,0.010641727,-0.012015251,0.00015709833,0.009618826,-0.009603551,18
15251,18,47,-0.002454081,0.28617743,-0.24639872,-0.0003773534,0.008177728,-0.009071283,0.00046170873,0.009046885,-0.008212944,0.00015709833,0.009618826,-0.009603551,177
9011,72,20,-0.0013310026,0.15294498,-0.13239093,-8.236845e-06,0.009922823,-0.009121787,0.00018749949,0.010641727,-0.012015251,-8.236845e-06,0.009922823,-0.009121787,0
8270,72,36,-0.002004872,0.23064907,-0.20072214,0.00015709833,0.009618826,-0.009603551,0.00046170873,0.009046885,-0.008212944,0.00015709833,0.009618826,-0.009603551,1722
5090,37,2,-0.001645326,0.2253634,-0.1934349,0.00015709833,0.009618826,-0.009603551,3.5446803e-05,0.013284376,-0.011834501,0.00015709833,0.009618826,-0.009603551,123
2869,32,1,-0.0007182311,0.094732806,-0.083042674,0.00015709833,0.009618826,-0.009603551,0.00018749949,0.010641727,-0.012015251,0.00068080006,0.00996485,-0.009883509,155
26721,54,2,-0.0008464226,0.11097139,-0.093370885,0.00012365142,0.008554986,-0.0082680145,0.00018749949,0.010641727,-0.012015251,0.00015709833,0.009618826,-0.009603551,207
4731,42,43,-0.0017166075,0.19480337,-0.1695453,0.00015709833,0.009618826,-0.009603551,0.00046170873,0.009046885,-0.008212944,0.00015709833,0.009618826,-0.009603551,1621
2560,22,21,-0.0020234527,0.2589726,-0.22091155,0.00015709833,0.009618826,-0.009603551,0.00046170873,0.009046885,-0.008212944,0.00015709833,0.009618826,-0.009603551,312
8186,23,2,-0.0022104161,0.27400407,-0.23784761,0.00015709833,0.009618826,-0.009603551,3.5446803e-05,0.013284376,-0.011834501,0.00015709833,0.009618826,-0.009603551,463
2923,82,13,-0.0008996234,0.10802763,-0.094647914,-8.236845e-06,0.009922823,-0.009121787,0.00018749949,0.010641727,-0.012015251,0.0006549831,0.009980517,-0.009774047,7
27123,12,14,-0.0012277089,0.17162444,-0.14556721,-8.236845e-06,0.009922823,-0.009121787,0.00018749949,0.010641727,-0.012015251,0.00068080006,0.00996485,-0.009883509,6
41605,142,3,-0.0012398988,0.14670534,-0.12715417,0.00015709833,0.009618826,-0.009603551,0.00046170873,0.009046885,-0.008212944,0.00015709833,0.009618826,-0.009603551,103
2265,26,20,-0.0022730855,0.2735419,-0.23561624,-8.236845e-06,0.009922823,-0.009121787,0.00046170873,0.009046885,-0.008212944,0.00015709833,0.009618826,-0.009603551,1701
3145,92,2,-0.0024027056,0.29117402,-0.2560798,-0.0003773534,0.008177728,-0.009071283,0.00046170873,0.009046885,-0.008212944,0.00015709833,0.009618826,-0.009603551,277
1760,22,23,-0.002331368,0.26528293,-0.23015007,0.00012365142,0.008554986,-0.0082680145,0.00046170873,0.009046885,-0.008212944,0.00015709833,0.009618826,-0.009603551,1359
6634,42,32,-0.0016061005,0.1780294,-0.15518911,0.00012365142,0.008554986,-0.0082680145,0.00046170873,0.009046885,-0.008212944,0.00015709833,0.009618826,-0.009603551,40
30766,14,12,-0.0011613272,0.15578032,-0.13132706,-8.236845e-06,0.009922823,-0.009121787,0.00046170873,0.009046885,-0.008212944,0.00068080006,0.00996485,-0.009883509,423
9411,40,3,-0.0021317287,0.26728815,-0.23449233,0.00015709833,0.009618826,-0.009603551,0.00046170873,0.009046885,-0.008212944,0.00015709833,0.009618826,-0.009603551,1893
5450,74,14,-0.0014033152,0.15590127,-0.13508272,0.00012365142,0.008554986,-0.0082680145,0.00046170873,0.009046885,-0.008212944,0.00015709833,0.009618826,-0.009603551,189
31718,34,41,-0.0016958729,0.17942731,-0.15484357,0.00012365142,0.008554986,-0.0082680145,0.00046170873,0.009046885,-0.008212944,-8.236845e-06,0.009922823,-0.009121787,130
1560,15,15,-0.0024207735,0.25767174,-0.22309361,0.00012365142,0.008554986,-0.0082680145,3.5446803e-05,0.013284376,-0.011834501,0.00068080006,0.00996485,-0.009883509,18
22952,113,2,-0.0010606355,0.12327743,-0.10519471,0.00012365142,0.008554986,-0.0082680145,0.0008033614,0.010229348,-0.008849426,0.00015709833,0.009618826,-0.009603551,34
110605,99,4,-0.001684903,0.18870158,-0.16421644,0.00015709833,0.009618826,-0.009603551,0.00046170873,0.009046885,-0.008212944,0.00068080006,0.00996485,-0.009883509,1
9431,66,2,-0.0013904077,0.16588372,-0.14304814,-8.236845e-06,0.009922823,-0.009121787,0.00046170873,0.009046885,-0.008212944,0.00015709833,0.009618826,-0.009603551,293
9759,75,40,-0.0018855126,0.23637135,-0.20587839,0.00015709833,0.009618826,-0.009603551,0.00046170873,0.009046885,-0.008212944,0.00015709833,0.009618826,-0.009603551,10446
542422,28,54,-0.000867593,0.10555534,-0.08860952,0.00012365142,0.008554986,-0.0082680145,0.00018749949,0.010641727,-0.012015251,0.00068080006,0.00996485,-0.009883509,716
79679,59,43,-0.0013220317,0.15140072,-0.12885214,-8.236845e-06,0.009922823,-0.009121787,3.5446803e-05,0.013284376,-0.011834501,0.00068080006,0.00996485,-0.009883509,1262
9496,95,1,-0.001174212,0.12408908,-0.10736154,0.00012365142,0.008554986,-0.0082680145,0.00046170873,0.009046885,-0.008212944,0.00015709833,0.009618826,-0.009603551,100
297,6,73,-0.0023633065,0.19234908,-0.16959573,0.00015709833,0.009618826,-0.009603551,3.5446803e-05,0.013284376,-0.011834501,-8.236845e-06,0.009922823,-0.009121787,2
1235,36,6,-0.0024033044,0.31926632,-0.28222236,0.00015709833,0.009618826,-0.009603551,3.5446803e-05,0.013284376,-0.011834501,0.00015709833,0.009618826,-0.009603551,4
7461,72,45,-0.0015307218,0.17726803,-0.15305646,0.00015709833,0.009618826,-0.009603551,0.00046170873,0.009046885,-0.008212944,0.00015709833,0.009618826,-0.009603551,294
97190,195,26,-0.0009333283,0.10574578,-0.09106812,-8.236845e-06,0.009922823,-0.009121787,0.00018749949,0.010641727,-0.012015251,-8.236845e-06,0.009922823,-0.009121787,108
12462,46,43,-0.0008789251,0.10335178,-0.087955296,-8.236845e-06,0.009922823,-0.009121787,0.00046170873,0.009046885,-0.008212944,0.00015709833,0.009618826,-0.009603551,656
1776,18,44,-0.0020293728,0.26057377,-0.22370031,0.00015709833,0.009618826,-0.009603551,0.00046170873,0.009046885,-0.008212944,0.00015709833,0.009618826,-0.009603551,336
28033,12,49,-0.0012024367,0.15186742,-0.13051917,0.00012365142,0.008554986,-0.0082680145,0.00046170873,0.009046885,-0.008212944,0.00068080006,0.00996485,-0.009883509,480
9924,69,51,-0.0012824845,0.1502829,-0.13069996,0.00015709833,0.009618826,-0.009603551,0.00046170873,0.009046885,-0.008212944,0.00068080006,0.00996485,-0.009883509,68
15887,39,64,-0.0013519378,0.16119322,-0.13902804,0.00015709833,0.009618826,-0.009603551,3.5446803e-05,0.013284376,-0.011834501,0.00015709833,0.009618826,-0.009603551,82
331,63,15,-0.0012905942,0.15304048,-0.13251163,-8.236845e-06,0.009922823,-0.009121787,0.00018749949,0.010641727,-0.012015251,0.00015709833,0.009618826,-0.009603551,48
53817,24,3,-0.0011585962,0.1297256,-0.1121904,-8.236845e-06,0.009922823,-0.009121787,3.5446803e-05,0.013284376,-0.011834501,0.00068080006,0.00996485,-0.009883509,95
1234,36,6,-0.0024033044,0.31926632,-0.28222236,0.00015709833,0.009618826,-0.009603551,3.5446803e-05,0.013284376,-0.011834501,0.00015709833,0.009618826,-0.009603551,2
332,47,28,-0.0015566471,0.17062598,-0.14655612,-8.236845e-06,0.009922823,-0.009121787,0.0008033614,0.010229348,-0.008849426,0.00068080006,0.00996485,-0.009883509,11
4321,39,4,-0.0017524676,0.19058959,-0.16249034,-0.0003773534,0.008177728,-0.009071283,0.00046170873,0.009046885,-0.008212944,0.00015709833,0.009618826,-0.009603551,143
297,6,73,-0.0023633065,0.19234908,-0.16959573,0.00015709833,0.009618826,-0.009603551,3.5446803e-05,0.013284376,-0.011834501,-8.236845e-06,0.009922823,-0.009121787,2
19412,25,15,-0.0011765392,0.14308318,-0.12304324,-0.0003773534,0.008177728,-0.009071283,0.00046170873,0.009046885,-0.008212944,0.00015709833,0.009618826,-0.009603551,199
4718,38,44,-0.0017795104,0.2116899,-0.1839925,0.00015709833,0.009618826,-0.009603551,0.00046170873,0.009046885,-0.008212944,0.00015709833,0.009618826,-0.009603551,1573
26261,23,64,-0.0006343277,0.06999614,-0.05943372,0.00012365142,0.008554986,-0.0082680145,0.00018749949,0.010641727,-0.012015251,0.00068080006,0.00996485,-0.009883509,20
3307,19,13,-0.0014477647,0.19132286,-0.16452968,0.00039263593,0.008924776,-0.009150031,0.00046170873,0.009046885,-0.008212944,0.00015709833,0.009618826,-0.009603551,138
60838,140,4,-0.0013596104,0.15140323,-0.13006118,0.00015709833,0.009618826,-0.009603551,0.00046170873,0.009046885,-0.008212944,0.00015709833,0.009618826,-0.009603551,179
1752,43,52,-0.0013803657,0.1656411,-0.14417791,0.00012365142,0.008554986,-0.0082680145,0.00046170873,0.009046885,-0.008212944,0.00015709833,0.009618826,-0.009603551,356
2262,16,19,-0.0027361768,0.36907542,-0.32235065,0.00012365142,0.008554986,-0.0082680145,0.00046170873,0.009046885,-0.008212944,0.00015709833,0.009618826,-0.009603551,233
8467,53,14,-0.0011036299,0.10849484,-0.094007626,-8.236845e-06,0.009922823,-0.009121787,0.00046170873,0.009046885,-0.008212944,0.00015709833,0.009618826,-0.009603551,99
39694,44,1,-0.0014156513,0.1786144,-0.15332961,-0.0003773534,0.008177728,-0.009071283,0.00018749949,0.010641727,-0.012015251,0.00015709833,0.009618826,-0.009603551,51
2081,83,10,-0.0019111356,0.22827178,-0.19898085,-0.0003773534,0.008177728,-0.009071283,0.00046170873,0.009046885,-0.008212944,0.00015709833,0.009618826,-0.009603551,58
3514,74,60,-0.00094992726,0.11649232,-0.10251872,0.00015709833,0.009618826,-0.009603551,0.00018749949,0.010641727,-0.012015251,0.00015709833,0.009618826,-0.009603551,809
199884,78,84,-0.00079659687,0.085481614,-0.07344918,-8.236845e-06,0.009922823,-0.009121787,0.00046170873,0.009046885,-0.008212944,0.00015709833,0.009618826,-0.009603551,895
19914,136,12,-0.0011179061,0.13742465,-0.11877541,-0.0003773534,0.008177728,-0.009071283,0.00046170873,0.009046885,-0.008212944,0.00015709833,0.009618826,-0.009603551,15
1727,31,14,-0.0017378853,0.23530823,-0.20349845,-0.0003773534,0.008177728,-0.009071283,0.00018749949,0.010641727,-0.012015251,0.00015709833,0.009618826,-0.009603551,4
3877,59,100,-0.0009287132,0.11055246,-0.096029915,-0.0003773534,0.008177728,-0.009071283,0.00018749949,0.010641727,-0.012015251,-8.236845e-06,0.009922823,-0.009121787,99
5220,22,64,-0.0020445087,0.2409479,-0.2086598,-8.236845e-06,0.009922823,-0.009121787,0.00046170873,0.009046885,-0.008212944,0.00015709833,0.009618826,-0.009603551,1010
174727,38,45,-0.0015903984,0.18153204,-0.15387306,0.00039263593,0.008924776,-0.009150031,0.00046170873,0.009046885,-0.008212944,0.00068080006,0.00996485,-0.009883509,546
4088,91,22,-0.0010517567,0.12227605,-0.106917694,0.00039263593,0.008924776,-0.009150031,0.00046170873,0.009046885,-0.008212944,0.00015709833,0.009618826,-0.009603551,752
488,17,15,-0.0023472894,0.24121368,-0.20698546,-0.0003773534,0.008177728,-0.009071283,3.5446803e-05,0.013284376,-0.011834501,0.00068080006,0.00996485,-0.009883509,34
4505,45,55,-0.0011021724,0.14007948,-0.12195333,-0.0003773534,0.008177728,-0.009071283,0.00046170873,0.009046885,-0.008212944,0.00015709833,0.009618826,-0.009603551,1301
9469,56,18,-0.0017058636,0.1932096,-0.16765568,-8.236845e-06,0.009922823,-0.009121787,3.5446803e-05,0.013284376,-0.011834501,-8.236845e-06,0.009922823,-0.009121787,48
5881,36,13,-0.0018831571,0.21763681,-0.18573771,0.00012365142,0.008554986,-0.0082680145,0.00046170873,0.009046885,-0.008212944,0.00068080006,0.00996485,-0.009883509,20
21112,13,66,-0.0010318663,0.13866206,-0.115146875,-8.236845e-06,0.009922823,-0.009121787,0.0008033614,0.010229348,-0.008849426,0.00068080006,0.00996485,-0.009883509,214
6074,48,13,-0.0017478534,0.19235595,-0.16369973,0.00012365142,0.008554986,-0.0082680145,0.00046170873,0.009046885,-0.008212944,0.00068080006,0.00996485,-0.009883509,58
5900,79,53,-0.0016812868,0.18076774,-0.15637736,-8.236845e-06,0.009922823,-0.009121787,3.5446803e-05,0.013284376,-0.011834501,0.00015709833,0.009618826,-0.009603551,46
15011,25,18,-0.0011494007,0.12850475,-0.11004592,-8.236845e-06,0.009922823,-0.009121787,0.00018749949,0.010641727,-0.012015251,0.00068080006,0.00996485,-0.009883509,11
4295,144,0,-0.0010438011,0.13150066,-0.114680305,0.00015709833,0.009618826,-0.009603551,0.00046170873,0.009046885,-0.008212944,0.00015709833,0.009618826,-0.009603551,188
26930,52,19,-0.0012234169,0.13726902,-0.11726545,-8.236845e-06,0.009922823,-0.009121787,3.5446803e-05,0.013284376,-0.011834501,0.00068080006,0.00996485,-0.009883509,58
8766,38,14,-0.0018640794,0.23652278,-0.20714918,0.00015709833,0.009618826,-0.009603551,0.00046170873,0.009046885,-0.008212944,0.00015709833,0.009618826,-0.009603551,42
12242,49,49,-0.0010589967,0.13835792,-0.11913568,-8.236845e-06,0.009922823,-0.009121787,0.0008033614,0.010229348,-0.008849426,0.0006549831,0.009980517,-0.009774047,61
2773,24,84,-0.0022459638,0.25796497,-0.21792887,0.00012365142,0.008554986,-0.0082680145,0.00046170873,0.009046885,-0.008212944,0.00015709833,0.009618826,-0.009603551,1619
324,72,38,-0.0013407293,0.18143246,-0.15834239,-0.0003773534,0.008177728,-0.009071283,0.00046170873,0.009046885,-0.008212944,0.00068080006,0.00996485,-0.009883509,21
10189,52,18,-0.0012020142,0.15492311,-0.13306075,-8.236845e-06,0.009922823,-0.009121787,0.00018749949,0.010641727,-0.012015251,0.00015709833,0.009618826,-0.009603551,51
5368,34,45,-0.0020890124,0.281321,-0.24367066,0.00012365142,0.008554986,-0.0082680145,3.5446803e-05,0.013284376,-0.011834501,0.00015709833,0.009618826,-0.009603551,2107
82996,53,16,-0.0016209726,0.17907143,-0.15374005,0.00012365142,0.008554986,-0.0082680145,0.00046170873,0.009046885,-0.008212944,0.00068080006,0.00996485,-0.009883509,86
7389,44,37,-0.001613022,0.17803788,-0.15511636,0.00015709833,0.009618826,-0.009603551,0.00046170873,0.009046885,-0.008212944,0.00015709833,0.009618826,-0.009603551,1126
6175,50,34,-0.0021187656,0.24514742,-0.21553925,0.00015709833,0.009618826,-0.009603551,0.00046170873,0.009046885,-0.008212944,0.00015709833,0.009618826,-0.009603551,897
52298,24,1,-0.0019094823,0.22582833,-0.1946091,-8.236845e-06,0.009922823,-0.009121787,0.00018749949,0.010641727,-0.012015251,0.00068080006,0.00996485,-0.009883509,77
56606,176,3,-0.0020893232,0.2511571,-0.2223251,-8.236845e-06,0.009922823,-0.009121787,0.00018749949,0.010641727,-0.012015251,0.00068080006,0.00996485,-0.009883509,31
8619,85,18,-0.0013208002,0.16602762,-0.14430866,0.00015709833,0.009618826,-0.009603551,0.00046170873,0.009046885,-0.008212944,0.00015709833,0.009618826,-0.009603551,1423
12817,17,3,-0.00203465,0.23238073,-0.19937393,-8.236845e-06,0.009922823,-0.009121787,0.00046170873,0.009046885,-0.008212944,0.00015709833,0.009618826,-0.009603551,13
7073,45,4,-0.0017339702,0.19591683,-0.17171861,0.00015709833,0.009618826,-0.009603551,0.00046170873,0.009046885,-0.008212944,0.00015709833,0.009618826,-0.009603551,109
12660,24,99,-0.0011659462,0.14355837,-0.124524735,-8.236845e-06,0.009922823,-0.009121787,3.5446803e-05,0.013284376,-0.011834501,0.00015709833,0.009618826,-0.009603551,34
54990,8,45,-0.0017832544,0.24752952,-0.20680986,0.00015709833,0.009618826,-0.009603551,-0.00040125195,0.009424681,-0.009889486,-8.236845e-06,0.009922823,-0.009121787,169
195,9,55,-0.00247536,0.31203654,-0.2683848,-0.0003773534,0.008177728,-0.009071283,3.5446803e-05,0.013284376,-0.011834501,0.00015709833,0.009618826,-0.009603551,13
6140,13,3,-0.0020713857,0.25217563,-0.22083497,0.00012365142,0.008554986,-0.0082680145,3.5446803e-05,0.013284376,-0.011834501,0.00068080006,0.00996485,-0.009883509,91
7577,67,13,-0.0015055909,0.1677348,-0.14408684,-8.236845e-06,0.009922823,-0.009121787,0.00046170873,0.009046885,-0.008212944,-8.236845e-06,0.009922823,-0.009121787,6
104969,12,11,-0.0021495477,0.2616007,-0.22352715,-8.236845e-06,0.009922823,-0.009121787,0.00046170873,0.009046885,-0.008212944,0.00068080006,0.00996485,-0.009883509,223
186222,59,20,-0.0015510039,0.18857948,-0.16073729,-8.236845e-06,0.009922823,-0.009121787,3.5446803e-05,0.013284376,-0.011834501,0.00068080006,0.00996485,-0.009883509,183
2624,82,43,-0.0022638424,0.27062982,-0.23901217,-0.0003773534,0.008177728,-0.009071283,0.00046170873,0.009046885,-0.008212944,0.00015709833,0.009618826,-0.009603551,33
297,6,73,-0.0023633065,0.19234908,-0.16959573,0.00015709833,0.009618826,-0.009603551,3.5446803e-05,0.013284376,-0.011834501,-8.236845e-06,0.009922823,-0.009121787,2
8291,57,53,-0.0012849824,0.15329498,-0.13364062,-8.236845e-06,0.009922823,-0.009121787,3.5446803e-05,0.013284376,-0.011834501,0.00015709833,0.009618826,-0.009603551,827
21340,19,47,-0.0020154775,0.22257842,-0.19073117,0.00012365142,0.008554986,-0.0082680145,0.00046170873,0.009046885,-0.008212944,0.00068080006,0.00996485,-0.009883509,19
6325,82,0,-0.0012986271,0.13964096,-0.12122002,0.00012365142,0.008554986,-0.0082680145,3.5446803e-05,0.013284376,-0.011834501,0.00015709833,0.009618826,-0.009603551,392
2965,114,1,-0.0011629481,0.14712584,-0.1267367,-0.0003773534,0.008177728,-0.009071283,3.5446803e-05,0.013284376,-0.011834501,0.00068080006,0.00996485,-0.009883509,26
1941,50,14,-0.0012852885,0.15813434,-0.13618726,0.00039263593,0.008924776,-0.009150031,0.00046170873,0.009046885,-0.008212944,-8.236845e-06,0.009922823,-0.009121787,21
443,7,47,-0.0027196354,0.33822867,-0.28959456,0.00039263593,0.008924776,-0.009150031,0.00046170873,0.009046885,-0.008212944,0.00068080006,0.00996485,-0.009883509,18
674,33,2,-0.0022682634,0.27151838,-0.2329597,0.00012365142,0.008554986,-0.0082680145,3.5446803e-05,0.013284376,-0.011834501,0.00068080006,0.00996485,-0.009883509,0
56054,38,16,-0.0012425219,0.1496299,-0.12853783,-8.236845e-06,0.009922823,-0.009121787,3.5446803e-05,0.013284376,-0.011834501,-8.236845e-06,0.009922823,-0.009121787,534
1412,45,44,-0.0014410778,0.17861104,-0.15282258,0.00012365142,0.008554986,-0.0082680145,3.5446803e-05,0.013284376,-0.011834501,0.00015709833,0.009618826,-0.009603551,284
9888,166,4,-0.0021345955,0.23746608,-0.20692253,0.00015709833,0.009618826,-0.009603551,0.00046170873,0.009046885,-0.008212944,0.00015709833,0.009618826,-0.009603551,849
6406,26,50,-0.0011427947,0.14700598,-0.12664697,0.00015709833,0.009618826,-0.009603551,3.5446803e-05,0.013284376,-0.011834501,0.00015709833,0.009618826,-0.009603551,614
4367,29,70,-0.0008462342,0.12147988,-0.10126786,0.00039263593,0.008924776,-0.009150031,3.5446803e-05,0.013284376,-0.011834501,0.00068080006,0.00996485,-0.009883509,766
34069,20,0,-0.002579958,0.29776904,-0.2557815,0.00039263593,0.008924776,-0.009150031,0.00018749949,0.010641727,-0.012015251,0.00068080006,0.00996485,-0.009883509,5
192581,37,12,-0.00078248215,0.10365471,-0.08705006,0.00015709833,0.009618826,-0.009603551,3.5446803e-05,0.013284376,-0.011834501,0.00068080006,0.00996485,-0.009883509,631
297,6,73,-0.0023633065,0.19234908,-0.16959573,0.00015709833,0.009618826,-0.009603551,3.5446803e-05,0.013284376,-0.011834501,-8.236845e-06,0.009922823,-0.009121787,2
3181,43,63,-0.001965777,0.21475,-0.18526918,0.00012365142,0.008554986,-0.0082680145,0.00046170873,0.009046885,-0.008212944,-8.236845e-06,0.009922823,-0.009121787,78
5132,113,2,-0.0020943,0.23845258,-0.21105017,-8.236845e-06,0.009922823,-0.009121787,3.5446803e-05,0.013284376,-0.011834501,-0.00018733664,0.009979125,-0.009724812,3
95905,70,35,-0.0014443403,0.14436783,-0.12335359,0.00015709833,0.009618826,-0.009603551,3.5446803e-05,0.013284376,-0.011834501,0.00068080006,0.00996485,-0.009883509,258
8816,18,44,-0.0026159333,0.3003759,-0.2584156,-8.236845e-06,0.009922823,-0.009121787,3.5446803e-05,0.013284376,-0.011834501,0.00015709833,0.009618826,-0.009603551,255
297,6,73,-0.0023633065,0.19234908,-0.16959573,0.00015709833,0.009618826,-0.009603551,3.5446803e-05,0.013284376,-0.011834501,-8.236845e-06,0.009922823,-0.009121787,2
9679,80,13,-0.0012534108,0.13846876,-0.118481204,-8.236845e-06,0.009922823,-0.009121787,3.5446803e-05,0.013284376,-0.011834501,-8.236845e-06,0.009922823,-0.009121787,59
2254,59,180,-0.0011135596,0.13470846,-0.11687547,-8.236845e-06,0.009922823,-0.009121787,-0.00040125195,0.009424681,-0.009889486,0.00068080006,0.00996485,-0.009883509,49
11195,21,3,-0.0014796612,0.19538185,-0.16678888,0.00012365142,0.008554986,-0.0082680145,3.5446803e-05,0.013284376,-0.011834501,0.00068080006,0.00996485,-0.009883509,5
297,6,73,-0.0023633065,0.19234908,-0.16959573,0.00015709833,0.009618826,-0.009603551,3.5446803e-05,0.013284376,-0.011834501,-8.236845e-06,0.009922823,-0.009121787,2
297,6,73,-0.0023633065,0.19234908,-0.16959573,0.00015709833,0.009618826,-0.009603551,3.5446803e-05,0.013284376,-0.011834501,-8.236845e-06,0.009922823,-0.009121787,2
38652,116,3,-0.0012095692,0.13646273,-0.11901366,0.00012365142,0.008554986,-0.0082680145,3.5446803e-05,0.013284376,-0.011834501,0.00015709833,0.009618826,-0.009603551,216
2541,28,19,-0.0025559363,0.32367998,-0.28015625,-8.236845e-06,0.009922823,-0.009121787,3.5446803e-05,0.013284376,-0.011834501,0.00015709833,0.009618826,-0.009603551,84
7694,36,19,-0.0015465765,0.19339053,-0.16425595,0.00015709833,0.009618826,-0.009603551,0.00046170873,0.009046885,-0.008212944,0.00015709833,0.009618826,-0.009603551,654
1101,17,15,-0.0014383504,0.1865933,-0.15778778,0.00012365142,0.008554986,-0.0082680145,3.5446803e-05,0.013284376,-0.011834501,0.00015709833,0.009618826,-0.009603551,31
2618,34,70,-0.002258434,0.2606411,-0.2283984,-0.0003773534,0.008177728,-0.009071283,3.5446803e-05,0.013284376,-0.011834501,0.00015709833,0.009618826,-0.009603551,77
1091,86,49,-0.0009065948,0.10360118,-0.08954977,-8.236845e-06,0.009922823,-0.009121787,3.5446803e-05,0.013284376,-0.011834501,0.00015709833,0.009618826,-0.009603551,1110
1185,33,39,-0.0024393022,0.265358,-0.22829576,0.00039263593,0.008924776,-0.009150031,0.00046170873,0.009046885,-0.008212944,0.00015709833,0.009618826,-0.009603551,525
7477,104,0,-0.0015936637,0.1922422,-0.1664755,-0.0003773534,0.008177728,-0.009071283,3.5446803e-05,0.013284376,-0.011834501,0.00015709833,0.009618826,-0.009603551,30
11686,38,58,-0.0011097374,0.13581192,-0.117182314,-0.0003773534,0.008177728,-0.009071283,3.5446803e-05,0.013284376,-0.011834501,0.00015709833,0.009618826,-0.009603551,51
80324,56,13,-0.0008346941,0.112953715,-0.09779547,-8.236845e-06,0.009922823,-0.009121787,0.00046170873,0.009046885,-0.008212944,0.00015709833,0.009618826,-0.009603551,550
25921,53,36,-0.0016830331,0.17129743,-0.14665902,0.00015709833,0.009618826,-0.009603551,-0.00040125195,0.009424681,-0.009889486,0.00068080006,0.00996485,-0.009883509,296
4051,25,57,-0.001303789,0.1570864,-0.13441724,0.00039263593,0.008924776,-0.009150031,0.00046170873,0.009046885,-0.008212944,0.00015709833,0.009618826,-0.009603551,229
15023,41,2,-0.0015587375,0.18674481,-0.16118969,-8.236845e-06,0.009922823,-0.009121787,3.5446803e-05,0.013284376,-0.011834501,0.00015709833,0.009618826,-0.009603551,4
4013,53,47,-0.0021331864,0.24922727,-0.21824926,0.00015709833,0.009618826,-0.009603551,3.5446803e-05,0.013284376,-0.011834501,0.00015709833,0.009618826,-0.009603551,1143
7559,72,97,-0.0013605714,0.15860027,-0.1375637,-0.0003773534,0.008177728,-0.009071283,3.5446803e-05,0.013284376,-0.011834501,-8.236845e-06,0.009922823,-0.009121787,106
1987,22,14,-0.0007692323,0.091502,-0.07976928,0.00039263593,0.008924776,-0.009150031,0.00046170873,0.009046885,-0.008212944,0.00068080006,0.00996485,-0.009883509,50
178747,59,23,-0.001164213,0.15401278,-0.13160291,0.00012365142,0.008554986,-0.0082680145,0.00018749949,0.010641727,-0.012015251,-8.236845e-06,0.009922823,-0.009121787,9
721,111,45,-0.000821434,0.08464931,-0.0743002,0.00012365142,0.008554986,-0.0082680145,0.00018749949,0.010641727,-0.012015251,-8.236845e-06,0.009922823,-0.009121787,7
21887,130,8,-0.0014321804,0.16553594,-0.14275673,0.00012365142,0.008554986,-0.0082680145,0.00018749949,0.010641727,-0.012015251,-0.0006660555,0.009904971,-0.009603318,62
166027,74,82,-0.0012147755,0.14853531,-0.12863909,-8.236845e-06,0.009922823,-0.009121787,3.5446803e-05,0.013284376,-0.011834501,0.0006549831,0.009980517,-0.009774047,1006
1478,13,42,-0.0018156277,0.2530868,-0.21862054,-8.236845e-06,0.009922823,-0.009121787,3.5446803e-05,0.013284376,-0.011834501,0.00015709833,0.009618826,-0.009603551,228
114410,49,14,-0.0007109832,0.089055546,-0.07753178,-8.236845e-06,0.009922823,-0.009121787,3.5446803e-05,0.013284376,-0.011834501,-8.236845e-06,0.009922823,-0.009121787,102
