words,amount_keywords,up_time,keywords_mean,keywords_max,keywords_min,rating_mean,rating_max,rating_min,contentWarning_mean,contentWarning_max,contentWarning_min,romanticCategory_mean,romanticCategory_max,romanticCategory_min,romanticCategory,rating,contentWarning,kudos
8.17131687471973,2.772588722239781,2.8903717578961645,-7.650295073063071,-4.615807715065369,-6.907755278982137,-8.758638646052622,-4.644033037289688,-6.907755278982137,-6.907755278982137,-4.607259856600169,-6.907755278982137,-8.758638646052622,-4.644033037289688,-6.907755278982137,0.0,1.0,1.0,4.406719247264253
4.3694478524670215,4.0943445622221,3.367295829986474,-6.907755278982137,-4.611491567912841,-6.907755278982137,-8.758638646052622,-4.644033037289688,-6.907755278982137,-8.758638646052622,-4.644033037289688,-6.907755278982137,-8.758638646052622,-4.644033037289688,-6.907755278982137,0.0,1.0,1.956887864209901,0.6931471805599453
8.052614818815567,3.1354942159291497,4.0943445622221,-6.541750694814914,-4.618424134922503,-6.907755278982137,-6.907755278982137,-4.612917827868474,-6.907755278982137,-7.29224189011621,-4.608691398198516,-6.907755278982137,-8.758638646052622,-4.644033037289688,-6.907755278982137,0.0,1.4142135623730951,2.5968491788439394,4.787491742782046
8.525558107747866,2.8903717578961645,3.091042453358316,-6.907755278982137,-4.656204932383314,-6.907755278982137,-7.29224189011621,-4.608691398198516,-6.907755278982137,-8.758638646052622,-4.644033037289688,-6.907755278982137,-8.758638646052622,-4.644033037289688,-6.907755278982137,0.0,1.9967620011132508,1.956887864209901,3.7612001156935624
10.458722329269523,3.871201010907891,4.02535169073515,-6.907755278982137,-4.606688111751477,-6.907755278982137,-8.758638646052622,-4.644033037289688,-6.907755278982137,-7.29224189011621,-4.608691398198516,-6.907755278982137,-8.758638646052622,-4.644033037289688,-6.907755278982137,0.0,1.0,2.5968491788439394,4.248495242049359
9.862300908205878,3.970291913552122,3.9512437185814275,-9.093139664301873,-4.611595324486703,-6.907755278982137,-8.758638646052622,-4.644033037289688,-6.907755278982137,-7.29224189011621,-4.608691398198516,-6.907755278982137,-8.758638646052622,-4.644033037289688,-6.907755278982137,0.0,1.0,2.5968491788439394,4.532599493153256
8.525558107747866,3.6635616461296463,3.6635616461296463,-6.811782074607711,-4.618247575176882,-6.907755278982137,-8.758638646052622,-4.644033037289688,-6.907755278982137,-7.29224189011621,-4.608691398198516,-6.907755278982137,-8.758638646052622,-4.644033037289688,-6.907755278982137,0.0,1.0,2.5968491788439394,4.406719247264253
8.525558107747866,4.624972813284271,2.6390573296152584,-6.907755278982137,-4.618094254884122,-6.907755278982137,-7.29224189011621,-4.608691398198516,-6.907755278982137,-8.758638646052622,-4.644033037289688,-6.907755278982137,-8.758638646052622,-4.644033037289688,-6.907755278982137,0.0,1.9967620011132508,1.956887864209901,6.142037405587356
9.014690384970896,4.060443010546419,1.791759469228055,-9.443531146194802,-4.616810495208315,-6.907755278982137,-8.758638646052622,-4.644033037289688,-6.907755278982137,-8.758638646052622,-4.644033037289688,-6.907755278982137,-8.758638646052622,-4.644033037289688,-6.907755278982137,0.0,1.0,1.956887864209901,4.653960350157523
9.004668301573977,3.6635616461296463,1.3862943611198906,-8.476160390038158,-4.640216020773185,-6.907755278982137,-8.758638646052622,-4.644033037289688,-6.907755278982137,-8.758638646052622,-4.644033037289688,-6.907755278982137,-8.758638646052622,-4.644033037289688,-6.907755278982137,0.0,1.0,1.956887864209901,5.805134968916488
8.116118431609365,3.6375861597263857,1.0986122886681098,-9.071990686877639,-4.635393104797516,-6.907755278982137,-7.29224189011621,-4.608691398198516,-6.907755278982137,-8.758638646052622,-4.644033037289688,-6.907755278982137,-8.758638646052622,-4.644033037289688,-6.907755278982137,0.0,1.9967620011132508,1.956887864209901,4.007333185232471
8.525558107747866,4.143134726391533,0.6931471805599453,-6.907755278982137,-4.641530877963594,-6.907755278982137,-8.758638646052622,-4.644033037289688,-6.907755278982137,-7.29224189011621,-4.608691398198516,-6.907755278982137,-8.758638646052622,-4.644033037289688,-6.907755278982137,0.0,1.0,2.5968491788439394,4.574710978503383
7.5485559791698735,3.6635616461296463,3.6375861597263857,-6.907755278982137,-4.623486642597682,-6.907755278982137,-8.758638646052622,-4.644033037289688,-6.907755278982137,-7.29224189011621,-4.608691398198516,-6.907755278982137,-8.758638646052622,-4.644033037289688,-6.907755278982137,0.0,1.0,2.5968491788439394,5.303304908059076
7.214504414151143,4.499809670330265,0.0,-6.907755278982137,-4.651820635380763,-6.907755278982137,-8.758638646052622,-4.644033037289688,-6.907755278982137,-8.758638646052622,-4.644033037289688,-6.907755278982137,-8.758638646052622,-4.644033037289688,-6.907755278982137,0.0,1.0,1.956887864209901,4.0943445622221
5.6937321388027,1.791759469228055,4.290459441148391,-8.758638646052622,-4.644033037289688,-6.907755278982137,-8.758638646052622,-4.644033037289688,-6.907755278982137,-7.29224189011621,-4.608691398198516,-6.907755278982137,-8.758638646052622,-4.644033037289688,-6.907755278982137,0.0,1.0,2.5968491788439394,0.6931471805599453
8.956479847999912,4.04305126783455,4.127134385045092,-8.301300903703828,-4.616303517280386,-6.907755278982137,-8.758638646052622,-4.644033037289688,-6.907755278982137,-8.758638646052622,-4.644033037289688,-6.907755278982137,-8.758638646052622,-4.644033037289688,-6.907755278982137,0.0,1.0,1.956887864209901,6.045005314036012
9.0142038261485,2.70805020110221,2.8903717578961645,-6.907755278982137,-4.612003706945358,-6.907755278982137,-7.330901122031825,-4.607120342353088,-6.907755278982137,-7.29224189011621,-4.608691398198516,-6.907755278982137,-8.758638646052622,-4.644033037289688,-6.907755278982137,0.0,1.3828992025720797,2.5968491788439394,2.1972245773362196
8.82585367025321,4.532599493153256,0.0,-6.907755278982137,-4.6652082282603216,-6.907755278982137,-7.29224189011621,-4.608691398198516,-6.907755278982137,-7.29224189011621,-4.608691398198516,-6.907755278982137,-8.758638646052622,-4.644033037289688,-6.907755278982137,0.0,1.9967620011132508,2.5968491788439394,5.030437921392435
5.6937321388027,1.791759469228055,4.290459441148391,-8.758638646052622,-4.644033037289688,-6.907755278982137,-8.758638646052622,-4.644033037289688,-6.907755278982137,-7.29224189011621,-4.608691398198516,-6.907755278982137,-8.758638646052622,-4.644033037289688,-6.907755278982137,0.0,1.0,2.5968491788439394,0.6931471805599453
8.525558107747866,2.833213344056216,3.6375861597263857,-6.907755278982137,-4.641448208105721,-6.907755278982137,-7.29224189011621,-4.608691398198516,-6.907755278982137,-7.29224189011621,-4.608691398198516,-6.907755278982137,-8.758638646052622,-4.644033037289688,-6.907755278982137,0.0,1.9967620011132508,2.5968491788439394,5.8998973535824915
8.532475814947395,3.5553480614894135,4.564348191467836,-7.335939331681305,-4.611701997842584,-6.907755278982137,-6.907755278982137,-4.612917827868474,-6.907755278982137,-7.29224189011621,-4.608691398198516,-6.907755278982137,-8.758638646052622,-4.644033037289688,-6.907755278982137,0.0,1.4142135623730951,2.5968491788439394,4.406719247264253
8.525558107747866,4.343805421853684,2.6390573296152584,-9.877980203607398,-4.605615386485278,-6.907755278982137,-8.758638646052622,-4.644033037289688,-6.907755278982137,-6.907755278982137,-4.612917827868474,-6.907755278982137,-8.758638646052622,-4.644033037289688,-6.907755278982137,0.0,1.0,2.0,3.7376696182833684
9.837347750031583,3.6635616461296463,2.70805020110221,-6.907755278982137,-4.649392773288006,-6.907755278982137,-8.758638646052622,-4.644033037289688,-6.907755278982137,-7.29224189011621,-4.608691398198516,-6.907755278982137,-8.758638646052622,-4.644033037289688,-6.907755278982137,0.0,1.0,2.5968491788439394,5.056245805348308
7.440733707389261,2.995732273553991,3.7612001156935624,-6.907755278982137,-4.656616947446171,-6.907755278982137,-6.907755278982137,-4.612917827868474,-6.907755278982137,-7.29224189011621,-4.608691398198516,-6.907755278982137,-8.758638646052622,-4.644033037289688,-6.907755278982137,0.0,1.4142135623730951,2.5968491788439394,4.394449154672439
8.468002947225466,3.7612001156935624,3.5553480614894135,-6.907755278982137,-4.627350950962929,-6.907755278982137,-8.758638646052622,-4.644033037289688,-6.907755278982137,-7.29224189011621,-4.608691398198516,-6.907755278982137,-8.758638646052622,-4.644033037289688,-6.907755278982137,0.0,1.0,2.5968491788439394,4.406719247264253
8.934586870389676,3.4657359027997265,3.9318256327243257,-6.907755278982137,-4.618921614072858,-6.907755278982137,-8.758638646052622,-4.644033037289688,-6.907755278982137,-8.758638646052622,-4.644033037289688,-6.907755278982137,-8.758638646052622,-4.644033037289688,-6.907755278982137,0.0,1.0,1.956887864209901,4.406719247264253
8.433594167539924,3.8501476017100584,4.2626798770413155,-9.226888506504624,-4.615552189536202,-6.907755278982137,-8.758638646052622,-4.644033037289688,-6.907755278982137,-7.29224189011621,-4.608691398198516,-6.907755278982137,-8.758638646052622,-4.644033037289688,-6.907755278982137,0.0,1.0,2.5968491788439394,5.1647859739235145
8.525558107747866,3.6635616461296463,2.6390573296152584,-6.811978705430697,-4.612801921666025,-6.907755278982137,-8.758638646052622,-4.644033037289688,-6.907755278982137,-6.907755278982137,-4.612917827868474,-6.907755278982137,-8.758638646052622,-4.644033037289688,-6.907755278982137,0.0,1.0,2.0,4.553876891600541
7.731053144007127,1.791759469228055,3.7612001156935624,-6.907755278982137,-4.665418204381872,-6.907755278982137,-7.29224189011621,-4.608691398198516,-6.907755278982137,-8.758638646052622,-4.644033037289688,-6.907755278982137,-8.758638646052622,-4.644033037289688,-6.907755278982137,0.0,1.9967620011132508,1.956887864209901,6.568077911411976
8.503702601233739,4.68213122712422,3.6375861597263857,-6.907755278982137,-4.664423408932365,-6.907755278982137,-6.907755278982137,-4.612917827868474,-6.907755278982137,-8.758638646052622,-4.644033037289688,-6.907755278982137,-8.758638646052622,-4.644033037289688,-6.907755278982137,0.0,1.4142135623730951,1.956887864209901,5.480638923341991
7.6577552711348655,2.8903717578961645,3.970291913552122,-6.907755278982137,-4.615638298580514,-6.907755278982137,-7.330901122031825,-4.607120342353088,-6.907755278982137,-8.758638646052622,-4.644033037289688,-6.907755278982137,-8.758638646052622,-4.644033037289688,-6.907755278982137,0.0,1.3828992025720797,1.956887864209901,4.060443010546419
9.497997444115459,4.1588830833596715,2.6390573296152584,-6.907755278982137,-4.641161717220703,-6.907755278982137,-8.758638646052622,-4.644033037289688,-6.907755278982137,-8.758638646052622,-4.644033037289688,-6.907755278982137,-8.758638646052622,-4.644033037289688,-6.907755278982137,0.0,1.0,1.956887864209901,3.6375861597263857
7.557994958530806,2.995732273553991,3.912023005428146,-6.890399827069015,-4.619130969128322,-6.907755278982137,-8.758638646052622,-4.644033037289688,-6.907755278982137,-8.758638646052622,-4.644033037289688,-6.907755278982137,-8.758638646052622,-4.644033037289688,-6.907755278982137,0.0,1.0,1.956887864209901,5.568344503761097
8.471149252914831,2.9444389791664403,3.8501476017100584,-6.907755278982137,-4.667442287515112,-6.907755278982137,-8.758638646052622,-4.644033037289688,-6.907755278982137,-8.758638646052622,-4.644033037289688,-6.907755278982137,-8.758638646052622,-4.644033037289688,-6.907755278982137,0.0,1.0,1.956887864209901,5.877735781779639
9.09862638234618,3.7612001156935624,0.0,-6.907755278982137,-4.612917827868474,-6.907755278982137,-8.758638646052622,-4.644033037289688,-6.907755278982137,-8.758638646052622,-4.614718491692029,-6.907755278982137,-8.758638646052622,-4.644033037289688,-6.907755278982137,0.0,1.0,1.7320508075688776,3.1354942159291497
7.616283561580385,4.875197323201151,1.0986122886681098,-9.666197351191814,-4.619508239936533,-6.907755278982137,-8.758638646052622,-4.644033037289688,-6.907755278982137,-7.29224189011621,-4.608691398198516,-6.907755278982137,-8.758638646052622,-4.644033037289688,-6.907755278982137,0.0,1.0,2.5968491788439394,1.791759469228055
9.090542808520587,3.784189633918261,2.6390573296152584,-6.907755278982137,-4.620354830579071,-6.907755278982137,-8.758638646052622,-4.644033037289688,-6.907755278982137,-8.758638646052622,-4.644033037289688,-6.907755278982137,-8.758638646052622,-4.644033037289688,-6.907755278982137,0.0,1.0,1.956887864209901,3.9318256327243257
10.252064798437244,4.060443010546419,4.007333185232471,-7.952828013931712,-4.6262735337114975,-6.907755278982137,-8.758638646052622,-4.644033037289688,-6.907755278982137,-6.907755278982137,-4.612917827868474,-6.907755278982137,-8.758638646052622,-4.644033037289688,-6.907755278982137,0.0,1.0,2.0,5.916202062607435
8.525558107747866,3.6635616461296463,1.3862943611198906,-6.907755278982137,-4.6334057850497565,-6.907755278982137,-6.907755278982137,-4.612917827868474,-6.907755278982137,-6.907755278982137,-4.612917827868474,-6.907755278982137,-8.758638646052622,-4.644033037289688,-6.907755278982137,1.0,1.4142135623730951,2.0,3.1780538303479458
8.337109129562474,3.4011973816621555,2.6390573296152584,-6.907755278982137,-4.613733023183495,-6.907755278982137,-7.29224189011621,-4.608691398198516,-6.907755278982137,-8.758638646052622,-4.644033037289688,-6.907755278982137,-8.758638646052622,-4.644033037289688,-6.907755278982137,0.0,1.9967620011132508,1.956887864209901,5.087596335232384
8.13505390861157,4.564348191467836,2.302585092994046,-6.907755278982137,-4.63342015505989,-6.907755278982137,-8.758638646052622,-4.644033037289688,-6.907755278982137,-7.29224189011621,-4.608691398198516,-6.907755278982137,-8.758638646052622,-4.644033037289688,-6.907755278982137,0.0,1.0,2.5968491788439394,5.648974238161206
8.626944055375356,2.6390573296152584,2.70805020110221,-6.907755278982137,-4.632905741533349,-6.907755278982137,-8.758638646052622,-4.644033037289688,-6.907755278982137,-7.29224189011621,-4.608691398198516,-6.907755278982137,-8.758638646052622,-4.644033037289688,-6.907755278982137,0.0,1.0,2.5968491788439394,4.3694478524670215
7.152268856032539,3.4011973816621555,3.6635616461296463,-7.928782671360979,-4.620822147023651,-6.907755278982137,-7.29224189011621,-4.608691398198516,-6.907755278982137,-8.758638646052622,-4.644033037289688,-6.907755278982137,-8.758638646052622,-4.644033037289688,-6.907755278982137,0.0,1.9967620011132508,1.956887864209901,4.465908118654584
7.5652752818989315,3.7376696182833684,1.0986122886681098,-6.907755278982137,-4.666848262477746,-6.907755278982137,-8.758638646052622,-4.644033037289688,-6.907755278982137,-8.758638646052622,-4.644033037289688,-6.907755278982137,-8.758638646052622,-4.644033037289688,-6.907755278982137,0.0,1.0,1.956887864209901,5.351858133476067
9.533220655077928,4.430816798843313,2.6390573296152584,-6.907755278982137,-4.616634879554404,-6.907755278982137,-8.758638646052622,-4.644033037289688,-6.907755278982137,-8.758638646052622,-4.644033037289688,-6.907755278982137,-8.758638646052622,-4.644033037289688,-6.907755278982137,0.0,1.0,1.956887864209901,4.812184355372417
7.98514393119862,1.791759469228055,4.02535169073515,-9.444237400081386,-4.611773713480828,-6.907755278982137,-7.29224189011621,-4.608691398198516,-6.907755278982137,-7.29224189011621,-4.608691398198516,-6.907755278982137,-8.758638646052622,-4.644033037289688,-6.907755278982137,0.0,1.9967620011132508,2.5968491788439394,3.367295829986474
8.928110078202646,2.6390573296152584,2.6390573296152584,-6.907755278982137,-4.634110925435255,-6.907755278982137,-7.29224189011621,-4.608691398198516,-6.907755278982137,-8.758638646052622,-4.644033037289688,-6.907755278982137,-8.758638646052622,-4.644033037289688,-6.907755278982137,0.0,1.9967620011132508,1.956887864209901,3.4965075614664802
7.790282380703483,3.1780538303479458,3.091042453358316,-6.907755278982137,-4.625082788038238,-6.907755278982137,-7.29224189011621,-4.608691398198516,-6.907755278982137,-8.758638646052622,-4.644033037289688,-6.907755278982137,-8.758638646052622,-4.644033037289688,-6.907755278982137,1.0,1.9967620011132508,1.956887864209901,2.995732273553991
10.262245325878965,3.367295829986474,4.0943445622221,-10.844956867385843,-4.608699996626687,-6.907755278982137,-7.330901122031825,-4.607120342353088,-6.907755278982137,-7.29224189011621,-4.608691398198516,-6.907755278982137,-8.758638646052622,-4.644033037289688,-6.907755278982137,0.0,1.3828992025720797,2.5968491788439394,5.552959584921617
8.07837810362652,3.6635616461296463,3.044522437723423,-6.907755278982137,-4.627177092380737,-6.907755278982137,-8.758638646052622,-4.644033037289688,-6.907755278982137,-7.29224189011621,-4.608691398198516,-6.907755278982137,-8.758638646052622,-4.644033037289688,-6.907755278982137,1.0,1.0,2.5968491788439394,3.871201010907891
6.838405200847344,3.5553480614894135,3.2188758248682006,-6.907755278982137,-4.628375959730567,-6.907755278982137,-8.758638646052622,-4.644033037289688,-6.907755278982137,-7.330901122031825,-4.607120342353088,-6.907755278982137,-8.758638646052622,-4.644033037289688,-6.907755278982137,0.0,1.0,1.7320508075688772,1.9459101490553132
5.6937321388027,1.791759469228055,4.290459441148391,-8.758638646052622,-4.644033037289688,-6.907755278982137,-8.758638646052622,-4.644033037289688,-6.907755278982137,-7.29224189011621,-4.608691398198516,-6.907755278982137,-8.758638646052622,-4.644033037289688,-6.907755278982137,0.0,1.0,2.5968491788439394,0.6931471805599453
8.447199819595703,3.1354942159291497,3.9318256327243257,-8.775023785453062,-4.657152340241749,-6.907755278982137,-6.907755278982137,-4.612917827868474,-6.907755278982137,-8.758638646052622,-4.644033037289688,-6.907755278982137,-8.758638646052622,-4.644033037289688,-6.907755278982137,0.0,1.4142135623730951,1.956887864209901,4.406719247264253
8.087640287778983,3.8918202981106265,2.302585092994046,-6.907755278982137,-4.6068026584554085,-6.907755278982137,-8.758638646052622,-4.644033037289688,-6.907755278982137,-8.758638646052622,-4.644033037289688,-6.907755278982137,-8.758638646052622,-4.644033037289688,-6.907755278982137,0.0,1.0,1.956887864209901,4.219507705176107
5.6937321388027,1.791759469228055,4.290459441148391,-8.758638646052622,-4.644033037289688,-6.907755278982137,-8.758638646052622,-4.644033037289688,-6.907755278982137,-7.29224189011621,-4.608691398198516,-6.907755278982137,-8.758638646052622,-4.644033037289688,-6.907755278982137,0.0,1.0,2.5968491788439394,0.6931471805599453
8.0925452638913,2.772588722239781,1.6094379124341003,-6.907755278982137,-4.612530744257101,-6.907755278982137,-7.330901122031825,-4.607120342353088,-6.907755278982137,-7.29224189011621,-4.608691398198516,-6.907755278982137,-8.758638646052622,-4.644033037289688,-6.907755278982137,0.0,1.3828992025720797,2.5968491788439394,4.174387269895637
8.525558107747866,3.4339872044851463,3.828641396489095,-6.907755278982137,-4.626653604515795,-6.907755278982137,-8.758638646052622,-4.644033037289688,-6.907755278982137,-8.758638646052622,-4.644033037289688,-6.907755278982137,-8.758638646052622,-4.644033037289688,-6.907755278982137,0.0,1.0,1.956887864209901,4.406719247264253
8.525558107747866,4.787491742782046,2.70805020110221,-8.153093663785345,-4.609060823406266,-6.907755278982137,-8.758638646052622,-4.644033037289688,-6.907755278982137,-7.29224189011621,-4.608691398198516,-6.907755278982137,-8.758638646052622,-4.644033037289688,-6.907755278982137,0.0,1.0,2.5968491788439394,4.7535901911063645
8.845777255188445,4.653960350157523,3.1780538303479458,-6.811945384415558,-4.608284926452657,-6.907755278982137,-8.758638646052622,-4.644033037289688,-6.907755278982137,-7.29224189011621,-4.608691398198516,-6.907755278982137,-8.758638646052622,-4.644033037289688,-6.907755278982137,0.0,1.0,2.5968491788439394,4.51085950651685
8.620471540869739,3.9889840465642745,0.6931471805599453,-6.907755278982137,-4.625326031316065,-6.907755278982137,-8.758638646052622,-4.644033037289688,-6.907755278982137,-7.29224189011621,-4.608691398198516,-6.907755278982137,-8.758638646052622,-4.644033037289688,-6.907755278982137,0.0,1.0,2.5968491788439394,5.961005339623274
9.007612005404566,4.68213122712422,4.007333185232471,-6.907755278982137,-4.634389841300976,-6.907755278982137,-7.330901122031825,-4.607120342353088,-6.907755278982137,-8.758638646052622,-4.644033037289688,-6.907755278982137,-8.758638646052622,-4.644033037289688,-6.907755278982137,0.0,1.3828992025720797,1.956887864209901,4.919980925828125
10.051303927230347,3.8918202981106265,3.6375861597263857,-6.657418639450311,-4.606772901168987,-6.907755278982137,-8.758638646052622,-4.644033037289688,-6.907755278982137,-8.758638646052622,-4.644033037289688,-6.907755278982137,-8.758638646052622,-4.644033037289688,-6.907755278982137,0.0,1.0,1.956887864209901,4.406719247264253
5.6937321388027,1.791759469228055,4.290459441148391,-8.758638646052622,-4.644033037289688,-6.907755278982137,-8.758638646052622,-4.644033037289688,-6.907755278982137,-7.29224189011621,-4.608691398198516,-6.907755278982137,-8.758638646052622,-4.644033037289688,-6.907755278982137,0.0,1.0,2.5968491788439394,0.6931471805599453
7.895808377083183,4.31748811353631,0.0,-6.907755278982137,-4.616062646838611,-6.907755278982137,-8.758638646052622,-4.644033037289688,-6.907755278982137,-7.29224189011621,-4.608691398198516,-6.907755278982137,-8.758638646052622,-4.644033037289688,-6.907755278982137,0.0,1.0,2.5968491788439394,3.784189633918261
8.525558107747866,3.6635616461296463,2.5649493574615367,-7.827466851232913,-4.622573522393424,-6.907755278982137,-8.758638646052622,-4.644033037289688,-6.907755278982137,-7.330901122031825,-4.607120342353088,-6.907755278982137,-8.758638646052622,-4.644033037289688,-6.907755278982137,0.0,1.0,1.7320508075688772,4.454347296253507
9.018695487721343,1.9459101490553132,3.091042453358316,-6.907755278982137,-4.624080888656846,-6.907755278982137,-7.29224189011621,-4.608691398198516,-6.907755278982137,-7.29224189011621,-4.608691398198516,-6.907755278982137,-8.758638646052622,-4.644033037289688,-6.907755278982137,0.0,1.9967620011132508,2.5968491788439394,3.258096538021482
9.157466882369114,2.995732273553991,3.784189633918261,-7.422163446578005,-4.616051725238189,-6.907755278982137,-8.758638646052622,-4.644033037289688,-6.907755278982137,-8.758638646052622,-4.644033037289688,-6.907755278982137,-8.758638646052622,-4.644033037289688,-6.907755278982137,0.0,1.0,1.956887864209901,6.559615237493242
7.590346945602565,3.258096538021482,2.70805020110221,-7.260285659398418,-4.6241611859200145,-6.907755278982137,-7.330901122031825,-4.607120342353088,-6.907755278982137,-7.29224189011621,-4.608691398198516,-6.907755278982137,-8.758638646052622,-4.644033037289688,-6.907755278982137,0.0,1.3828992025720797,2.5968491788439394,4.02535169073515
8.525558107747866,3.6635616461296463,3.2188758248682006,-6.907755278982137,-4.6325897158149765,-6.907755278982137,-8.758638646052622,-4.644033037289688,-6.907755278982137,-8.758638646052622,-4.644033037289688,-6.907755278982137,-8.758638646052622,-4.644033037289688,-6.907755278982137,0.0,1.0,1.956887864209901,4.406719247264253
7.38770923908104,3.7612001156935624,4.127134385045092,-6.907755278982137,-4.613576167112332,-6.907755278982137,-8.758638646052622,-4.644033037289688,-6.907755278982137,-7.29224189011621,-4.608691398198516,-6.907755278982137,-8.758638646052622,-4.644033037289688,-6.907755278982137,0.0,1.0,2.5968491788439394,4.882801922586371
9.772581282688328,4.060443010546419,2.8903717578961645,-6.907755278982137,-4.652237290565102,-6.907755278982137,-8.758638646052622,-4.644033037289688,-6.907755278982137,-8.758638646052622,-4.644033037289688,-6.907755278982137,-8.758638646052622,-4.644033037289688,-6.907755278982137,1.0,1.0,1.956887864209901,4.189654742026425
6.846943139585379,2.70805020110221,3.332204510175204,-6.907755278982137,-4.62367001185992,-6.907755278982137,-6.907755278982137,-4.612917827868474,-6.907755278982137,-7.29224189011621,-4.608691398198516,-6.907755278982137,-8.758638646052622,-4.644033037289688,-6.907755278982137,0.0,1.4142135623730951,2.5968491788439394,3.5553480614894135
9.591717684555258,3.9889840465642745,1.3862943611198906,-6.907755278982137,-4.617775423953312,-6.907755278982137,-7.29224189011621,-4.608691398198516,-6.907755278982137,-8.758638646052622,-4.644033037289688,-6.907755278982137,-8.758638646052622,-4.644033037289688,-6.907755278982137,0.0,1.9967620011132508,1.956887864209901,6.375024819828097
8.525558107747866,4.356708826689592,2.8903717578961645,-9.312838004605402,-4.630088682851254,-6.907755278982137,-6.907755278982137,-4.612917827868474,-6.907755278982137,-7.29224189011621,-4.608691398198516,-6.907755278982137,-8.758638646052622,-4.644033037289688,-6.907755278982137,0.0,1.4142135623730951,2.5968491788439394,4.584967478670572
7.77863014732581,4.574710978503383,3.8066624897703196,-9.074896221425645,-4.6137907937443,-6.907755278982137,-7.330901122031825,-4.607120342353088,-6.907755278982137,-8.758638646052622,-4.644033037289688,-6.907755278982137,-8.758638646052622,-4.644033037289688,-6.907755278982137,0.0,1.3828992025720797,1.956887864209901,5.676753802268282
7.914983005848394,4.2626798770413155,2.1972245773362196,-6.975332995539665,-4.616091363684719,-6.907755278982137,-8.758638646052622,-4.644033037289688,-6.907755278982137,-6.907755278982137,-4.612917827868474,-6.907755278982137,-8.758638646052622,-4.644033037289688,-6.907755278982137,0.0,1.0,2.0,4.07753744390572
8.460411177317253,3.5553480614894135,2.772588722239781,-6.907755278982137,-4.6253491234990625,-6.907755278982137,-7.29224189011621,-4.608691398198516,-6.907755278982137,-8.758638646052622,-4.644033037289688,-6.907755278982137,-8.758638646052622,-4.644033037289688,-6.907755278982137,0.0,1.9967620011132508,1.956887864209901,5.765191102784844
8.6628507638386,4.543294782270004,1.3862943611198906,-6.907755278982137,-4.638966853633735,-6.907755278982137,-8.758638646052622,-4.644033037289688,-6.907755278982137,-8.758638646052622,-4.644033037289688,-6.907755278982137,-8.758638646052622,-4.644033037289688,-6.907755278982137,0.0,1.0,1.956887864209901,4.219507705176107
8.337348564497175,3.58351893845611,1.3862943611198906,-10.307093334706353,-4.61707868891589,-6.907755278982137,-8.758638646052622,-4.644033037289688,-6.907755278982137,-7.29224189011621,-4.608691398198516,-6.907755278982137,-8.758638646052622,-4.644033037289688,-6.907755278982137,0.0,1.0,2.5968491788439394,4.406719247264253
9.137769679141348,4.110873864173311,3.091042453358316,-10.4150885128118,-4.623002720618309,-6.907755278982137,-8.758638646052622,-4.644033037289688,-6.907755278982137,-8.758638646052622,-4.644033037289688,-6.907755278982137,-8.758638646052622,-4.644033037289688,-6.907755278982137,0.0,1.0,1.956887864209901,4.406719247264253
9.118882761487347,3.332204510175204,3.5553480614894135,-7.453098754998728,-4.606163957493031,-6.907755278982137,-8.758638646052622,-4.644033037289688,-6.907755278982137,-7.29224189011621,-4.608691398198516,-6.907755278982137,-8.758638646052622,-4.644033037289688,-6.907755278982137,0.0,1.0,2.5968491788439394,6.456769655572163
8.525558107747866,4.663439094112067,1.0986122886681098,-8.320187315378927,-4.628544592790339,-6.907755278982137,-8.758638646052622,-4.644033037289688,-6.907755278982137,-8.758638646052622,-4.644033037289688,-6.907755278982137,-8.758638646052622,-4.644033037289688,-6.907755278982137,0.0,1.0,1.956887864209901,4.820281565605037
8.062747901086354,3.4657359027997265,0.0,-6.907755278982137,-4.636276890754522,-6.907755278982137,-8.758638646052622,-4.644033037289688,-6.907755278982137,-7.29224189011621,-4.608691398198516,-6.907755278982137,-8.758638646052622,-4.644033037289688,-6.907755278982137,0.0,1.0,2.5968491788439394,3.295836866004329
5.6937321388027,1.791759469228055,4.290459441148391,-8.758638646052622,-4.644033037289688,-6.907755278982137,-8.758638646052622,-4.644033037289688,-6.907755278982137,-7.29224189011621,-4.608691398198516,-6.907755278982137,-8.758638646052622,-4.644033037289688,-6.907755278982137,0.0,1.0,2.5968491788439394,0.6931471805599453
9.677966176435953,2.3978952727983707,3.6888794541139363,-7.6755147777584805,-4.630864011785194,-6.907755278982137,-8.758638646052622,-4.644033037289688,-6.907755278982137,-8.758638646052622,-4.644033037289688,-6.907755278982137,-8.758638646052622,-4.644033037289688,-6.907755278982137,0.0,1.0,1.956887864209901,4.406719247264253
8.399984990510696,3.970291913552122,0.6931471805599453,-6.907755278982137,-4.624109551951686,-6.907755278982137,-8.758638646052622,-4.644033037289688,-6.907755278982137,-6.907755278982137,-4.612917827868474,-6.907755278982137,-8.758638646052622,-4.644033037289688,-6.907755278982137,1.0,1.0,2.0,2.833213344056216
7.850103545175582,3.6635616461296463,2.772588722239781,-6.907755278982137,-4.647603648654921,-6.907755278982137,-7.29224189011621,-4.608691398198516,-6.907755278982137,-8.758638646052622,-4.644033037289688,-6.907755278982137,-8.758638646052622,-4.644033037289688,-6.907755278982137,0.0,1.9967620011132508,1.956887864209901,2.995732273553991
8.200013648175434,3.7612001156935624,3.1780538303479458,-7.084338710514265,-4.639201164422439,-6.907755278982137,-7.29224189011621,-4.608691398198516,-6.907755278982137,-7.29224189011621,-4.608691398198516,-6.907755278982137,-8.758638646052622,-4.644033037289688,-6.907755278982137,0.0,1.9967620011132508,2.5968491788439394,3.4011973816621555
9.983314852395683,3.8066624897703196,2.70805020110221,-6.907755278982137,-4.61048062212882,-6.907755278982137,-6.907755278982137,-4.612917827868474,-6.907755278982137,-7.29224189011621,-4.608691398198516,-6.907755278982137,-8.758638646052622,-4.644033037289688,-6.907755278982137,0.0,1.4142135623730951,2.5968491788439394,5.54907608489522
8.904086913938967,3.4011973816621555,1.3862943611198906,-6.907755278982137,-4.614934586262173,-6.907755278982137,-8.758638646052622,-4.644033037289688,-6.907755278982137,-8.758638646052622,-4.644033037289688,-6.907755278982137,-8.758638646052622,-4.644033037289688,-6.907755278982137,0.0,1.0,1.956887864209901,5.3612921657094255
8.525558107747866,3.7376696182833684,4.248495242049359,-7.341279587154316,-4.60854374107752,-6.907755278982137,-8.758638646052622,-4.644033037289688,-6.907755278982137,-8.758638646052622,-4.644033037289688,-6.907755278982137,-8.758638646052622,-4.644033037289688,-6.907755278982137,0.0,1.0,1.956887864209901,6.706862336602747
8.064950891749143,3.4011973816621555,2.4849066497880004,-6.971115276559256,-4.612361131554354,-6.907755278982137,-7.330901122031825,-4.607120342353088,-6.907755278982137,-8.758638646052622,-4.644033037289688,-6.907755278982137,-8.758638646052622,-4.644033037289688,-6.907755278982137,0.0,1.3828992025720797,1.956887864209901,4.61512051684126
8.89918494333876,3.2188758248682006,4.543294782270004,-8.18630049353277,-4.612514044384582,-6.907755278982137,-8.758638646052622,-4.644033037289688,-6.907755278982137,-7.29224189011621,-4.608691398198516,-6.907755278982137,-8.758638646052622,-4.644033037289688,-6.907755278982137,0.0,1.0,2.5968491788439394,4.406719247264253
7.462214939768189,3.367295829986474,4.51085950651685,-6.979883712755307,-4.6468005760335425,-6.907755278982137,-8.758638646052622,-4.644033037289688,-6.907755278982137,-8.758638646052622,-4.644033037289688,-6.907755278982137,-8.758638646052622,-4.644033037289688,-6.907755278982137,0.0,1.0,1.956887864209901,6.263398262591624
5.6937321388027,1.791759469228055,4.290459441148391,-8.758638646052622,-4.644033037289688,-6.907755278982137,-8.758638646052622,-4.644033037289688,-6.907755278982137,-7.29224189011621,-4.608691398198516,-6.907755278982137,-8.758638646052622,-4.644033037289688,-6.907755278982137,0.0,1.0,2.5968491788439394,0.6931471805599453
7.107425474110705,2.302585092994046,3.9318256327243257,-6.907755278982137,-4.616568560634986,-6.907755278982137,-7.29224189011621,-4.608691398198516,-6.907755278982137,-7.29224189011621,-4.608691398198516,-6.907755278982137,-8.758638646052622,-4.644033037289688,-6.907755278982137,0.0,1.9967620011132508,2.5968491788439394,2.9444389791664403
7.792761720816526,4.762173934797756,4.174387269895637,-7.4795825640079245,-4.612984092834314,-6.907755278982137,-8.758638646052622,-4.644033037289688,-6.907755278982137,-7.29224189011621,-4.608691398198516,-6.907755278982137,-8.758638646052622,-4.644033037289688,-6.907755278982137,0.0,1.0,2.5968491788439394,4.663439094112067
6.484635235635252,3.4011973816621555,4.143134726391533,-10.071289235606514,-4.609069798996027,-6.907755278982137,-7.29224189011621,-4.608691398198516,-6.907755278982137,-8.758638646052622,-4.644033037289688,-6.907755278982137,-8.758638646052622,-4.644033037289688,-6.907755278982137,0.0,1.9967620011132508,1.956887864209901,6.643789733147672
8.607399459302387,3.6109179126442243,1.9459101490553132,-7.525681222946687,-4.615779947619328,-6.907755278982137,-8.758638646052622,-4.644033037289688,-6.907755278982137,-7.29224189011621,-4.608691398198516,-6.907755278982137,-8.758638646052622,-4.644033037289688,-6.907755278982137,0.0,1.0,2.5968491788439394,1.9459101490553132
9.117896081584902,4.844187086458591,2.1972245773362196,-6.907755278982137,-4.625076612709541,-6.907755278982137,-8.758638646052622,-4.644033037289688,-6.907755278982137,-8.758638646052622,-4.644033037289688,-6.907755278982137,-8.758638646052622,-4.644033037289688,-6.907755278982137,0.0,1.0,1.956887864209901,4.543294782270004
5.6937321388027,1.791759469228055,4.290459441148391,-8.758638646052622,-4.644033037289688,-6.907755278982137,-8.758638646052622,-4.644033037289688,-6.907755278982137,-7.29224189011621,-4.608691398198516,-6.907755278982137,-8.758638646052622,-4.644033037289688,-6.907755278982137,0.0,1.0,2.5968491788439394,0.6931471805599453
7.500529485395295,3.4011973816621555,3.044522437723423,-6.907755278982137,-4.63113743541629,-6.907755278982137,-8.758638646052622,-4.644033037289688,-6.907755278982137,-8.758638646052622,-4.644033037289688,-6.907755278982137,-8.758638646052622,-4.644033037289688,-6.907755278982137,0.0,1.0,1.956887864209901,4.406719247264253
8.689632748355741,4.430816798843313,0.0,-6.907755278982137,-4.63451077056532,-6.907755278982137,-8.758638646052622,-4.644033037289688,-6.907755278982137,-6.907755278982137,-4.612917827868474,-6.907755278982137,-8.758638646052622,-4.644033037289688,-6.907755278982137,0.0,1.0,2.0,5.075173815233827
8.856803356728378,3.8501476017100584,2.8903717578961645,-6.907755278982137,-4.606397326535156,-6.907755278982137,-8.758638646052622,-4.644033037289688,-6.907755278982137,-6.907755278982137,-4.612917827868474,-6.907755278982137,-8.758638646052622,-4.644033037289688,-6.907755278982137,0.0,1.0,2.0,4.406719247264253
8.525558107747866,4.7535901911063645,2.0794415416798357,-7.480231573754505,-4.626684815745597,-6.907755278982137,-7.29224189011621,-4.608691398198516,-6.907755278982137,-8.758638646052622,-4.644033037289688,-6.907755278982137,-8.758638646052622,-4.644033037289688,-6.907755278982137,0.0,1.9967620011132508,1.956887864209901,2.3978952727983707
5.6937321388027,1.791759469228055,4.290459441148391,-8.758638646052622,-4.644033037289688,-6.907755278982137,-8.758638646052622,-4.644033037289688,-6.907755278982137,-7.29224189011621,-4.608691398198516,-6.907755278982137,-8.758638646052622,-4.644033037289688,-6.907755278982137,0.0,1.0,2.5968491788439394,0.6931471805599453
9.569412440514636,3.6109179126442243,2.995732273553991,-7.235379488798797,-4.606736895103547,-6.907755278982137,-7.29224189011621,-4.608691398198516,-6.907755278982137,-7.29224189011621,-4.608691398198516,-6.907755278982137,-8.758638646052622,-4.644033037289688,-6.907755278982137,0.0,1.9967620011132508,2.5968491788439394,3.044522437723423
8.369620826949102,2.302585092994046,3.6635616461296463,-6.907755278982137,-4.60879533198008,-6.907755278982137,-7.29224189011621,-4.608691398198516,-6.907755278982137,-8.758638646052622,-4.644033037289688,-6.907755278982137,-8.758638646052622,-4.644033037289688,-6.907755278982137,0.0,1.9967620011132508,1.956887864209901,4.2626798770413155
8.525558107747866,3.4965075614664802,2.6390573296152584,-8.229081082091543,-4.617968974276152,-6.907755278982137,-8.758638646052622,-4.644033037289688,-6.907755278982137,-8.758638646052622,-4.644033037289688,-6.907755278982137,-8.758638646052622,-4.644033037289688,-6.907755278982137,0.0,1.0,1.956887864209901,3.828641396489095
5.41610040220442,3.6635616461296463,0.6931471805599453,-6.907755278982137,-4.629559183689046,-6.907755278982137,-8.758638646052622,-4.644033037289688,-6.907755278982137,-6.907755278982137,-4.612917827868474,-6.907755278982137,-8.758638646052622,-4.644033037289688,-6.907755278982137,0.0,1.0,2.0,0.6931471805599453
9.911058818032446,4.5217885770490405,4.2626798770413155,-6.907755278982137,-4.618921614072858,-6.907755278982137,-7.29224189011621,-4.608691398198516,-6.907755278982137,-7.29224189011621,-4.608691398198516,-6.907755278982137,-8.758638646052622,-4.644033037289688,-6.907755278982137,0.0,1.9967620011132508,2.5968491788439394,3.58351893845611
8.801168401936692,3.7376696182833684,3.7612001156935624,-6.907755278982137,-4.616154920292751,-6.907755278982137,-8.758638646052622,-4.644033037289688,-6.907755278982137,-8.758638646052622,-4.644033037289688,-6.907755278982137,-8.758638646052622,-4.644033037289688,-6.907755278982137,0.0,1.0,1.956887864209901,4.406719247264253
9.059401196410896,3.6635616461296463,1.9459101490553132,-6.907755278982137,-4.635393392767415,-6.907755278982137,-7.29224189011621,-4.608691398198516,-6.907755278982137,-6.907755278982137,-4.612917827868474,-6.907755278982137,-8.758638646052622,-4.644033037289688,-6.907755278982137,0.0,1.9967620011132508,2.0,2.8903717578961645
9.632400353656184,2.8903717578961645,3.8501476017100584,-6.907755278982137,-4.618340616673268,-6.907755278982137,-6.907755278982137,-4.612917827868474,-6.907755278982137,-8.758638646052622,-4.644033037289688,-6.907755278982137,-8.758638646052622,-4.644033037289688,-6.907755278982137,0.0,1.4142135623730951,1.956887864209901,5.176149732573829
9.106201332235038,4.276666119016055,2.995732273553991,-6.907755278982137,-4.6175260897704735,-6.907755278982137,-8.758638646052622,-4.644033037289688,-6.907755278982137,-6.907755278982137,-4.612917827868474,-6.907755278982137,-8.758638646052622,-4.644033037289688,-6.907755278982137,0.0,1.0,2.0,-6.907755278982137
9.020389788017736,4.276666119016055,3.58351893845611,-7.375904339200631,-4.606542149012939,-6.907755278982137,-8.758638646052622,-4.644033037289688,-6.907755278982137,-8.758638646052622,-4.644033037289688,-6.907755278982137,-8.758638646052622,-4.644033037289688,-6.907755278982137,0.0,1.0,1.956887864209901,4.406719247264253
8.53503310954457,3.6109179126442243,0.6931471805599453,-6.907755278982137,-4.617996519569766,-6.907755278982137,-8.758638646052622,-4.644033037289688,-6.907755278982137,-7.29224189011621,-4.608691398198516,-6.907755278982137,-8.758638646052622,-4.644033037289688,-6.907755278982137,0.0,1.0,2.5968491788439394,4.812184355372417
7.9617188159813645,3.4657359027997265,0.0,-6.907755278982137,-4.6666296668640515,-6.907755278982137,-8.758638646052622,-4.644033037289688,-6.907755278982137,-6.907755278982137,-4.612917827868474,-6.907755278982137,-8.758638646052622,-4.644033037289688,-6.907755278982137,0.0,1.0,2.0,5.043425116919247
10.193205052099978,3.9889840465642745,0.6931471805599453,-6.907755278982137,-4.606458964446575,-6.907755278982137,-7.29224189011621,-4.608691398198516,-6.907755278982137,-6.907755278982137,-4.612917827868474,-6.907755278982137,-8.758638646052622,-4.644033037289688,-6.907755278982137,0.0,1.9967620011132508,2.0,5.332718793265369
8.461891875631148,3.7376696182833684,3.7612001156935624,-6.907755278982137,-4.612917358585508,-6.907755278982137,-8.758638646052622,-4.644033037289688,-6.907755278982137,-8.758638646052622,-4.644033037289688,-6.907755278982137,-8.758638646052622,-4.644033037289688,-6.907755278982137,0.0,1.0,1.956887864209901,4.406719247264253
7.847762537473608,3.091042453358316,3.044522437723423,-6.907755278982137,-4.63896723896825,-6.907755278982137,-8.758638646052622,-4.644033037289688,-6.907755278982137,-8.758638646052622,-4.644033037289688,-6.907755278982137,-8.758638646052622,-4.644033037289688,-6.907755278982137,0.0,1.0,1.956887864209901,5.7430031878094825
9.010180657052349,3.1354942159291497,0.6931471805599453,-6.961550016587513,-4.609194530633827,-6.907755278982137,-8.758638646052622,-4.644033037289688,-6.907755278982137,-7.29224189011621,-4.608691398198516,-6.907755278982137,-8.758638646052622,-4.644033037289688,-6.907755278982137,0.0,1.0,2.5968491788439394,6.137727054086234
7.980365765111246,4.406719247264253,2.5649493574615367,-6.907755278982137,-4.6086773791806905,-6.907755278982137,-8.758638646052622,-4.644033037289688,-6.907755278982137,-6.907755278982137,-4.612917827868474,-6.907755278982137,-8.758638646052622,-4.644033037289688,-6.907755278982137,1.0,1.0,2.0,1.9459101490553132
10.208137355405476,2.4849066497880004,2.6390573296152584,-7.757792406277508,-4.626546561203733,-6.907755278982137,-8.758638646052622,-4.644033037289688,-6.907755278982137,-6.907755278982137,-4.612917827868474,-6.907755278982137,-8.758638646052622,-4.644033037289688,-6.907755278982137,0.0,1.0,2.0,1.791759469228055
8.525558107747866,3.6635616461296463,1.0986122886681098,-7.454997689695575,-4.608929564609915,-6.907755278982137,-8.758638646052622,-4.644033037289688,-6.907755278982137,-8.758638646052622,-4.644033037289688,-6.907755278982137,-8.758638646052622,-4.644033037289688,-6.907755278982137,0.0,1.0,1.956887864209901,4.634728988229636
7.725330037917135,3.258096538021482,2.995732273553991,-9.078625003568591,-4.6259530355804825,-6.907755278982137,-8.758638646052622,-4.644033037289688,-6.907755278982137,-8.758638646052622,-4.644033037289688,-6.907755278982137,-8.758638646052622,-4.644033037289688,-6.907755278982137,0.0,1.0,1.956887864209901,4.406719247264253
8.05356916913454,4.5217885770490405,0.6931471805599453,-7.231635011994995,-4.613407503845327,-6.907755278982137,-6.907755278982137,-4.612917827868474,-6.907755278982137,-8.758638646052622,-4.644033037289688,-6.907755278982137,-8.758638646052622,-4.644033037289688,-6.907755278982137,0.0,1.4142135623730951,1.956887864209901,5.6240175061873385
7.473069088032197,3.091042453358316,3.1354942159291497,-6.907755278982137,-4.6160553029907065,-6.907755278982137,-7.29224189011621,-4.608691398198516,-6.907755278982137,-8.758638646052622,-4.644033037289688,-6.907755278982137,-8.758638646052622,-4.644033037289688,-6.907755278982137,0.0,1.9967620011132508,1.956887864209901,4.406719247264253
8.799963219506997,3.7376696182833684,3.4657359027997265,-6.907755278982137,-4.60799022097222,-6.907755278982137,-7.29224189011621,-4.608691398198516,-6.907755278982137,-8.758638646052622,-4.644033037289688,-6.907755278982137,-8.758638646052622,-4.644033037289688,-6.907755278982137,0.0,1.9967620011132508,1.956887864209901,3.6888794541139363
10.334165463115696,2.6390573296152584,2.4849066497880004,-7.380683084354259,-4.614758453443467,-6.907755278982137,-8.758638646052622,-4.644033037289688,-6.907755278982137,-8.758638646052622,-4.644033037289688,-6.907755278982137,-8.758638646052622,-4.644033037289688,-6.907755278982137,0.0,1.0,1.956887864209901,6.0473721790462776
9.149634496858788,3.6888794541139363,1.0986122886681098,-7.6735520388308975,-4.625233952975291,-6.907755278982137,-8.758638646052622,-4.644033037289688,-6.907755278982137,-8.758638646052622,-4.644033037289688,-6.907755278982137,-8.758638646052622,-4.644033037289688,-6.907755278982137,0.0,1.0,1.956887864209901,4.406719247264253
8.60337088765729,4.30406509320417,2.6390573296152584,-6.907755278982137,-4.621317318871786,-6.907755278982137,-7.29224189011621,-4.608691398198516,-6.907755278982137,-8.758638646052622,-4.644033037289688,-6.907755278982137,-8.758638646052622,-4.644033037289688,-6.907755278982137,0.0,1.9967620011132508,1.956887864209901,5.241747015059643
10.364639622058545,3.5263605246161616,3.713572066704308,-6.907755278982137,-4.614718491692029,-6.907755278982137,-7.29224189011621,-4.608691398198516,-6.907755278982137,-8.758638646052622,-4.644033037289688,-6.907755278982137,-8.758638646052622,-4.644033037289688,-6.907755278982137,0.0,1.9967620011132508,1.956887864209901,4.867534450455582
7.352441100243583,2.70805020110221,2.70805020110221,-6.907755278982137,-4.615626346390216,-6.907755278982137,-7.29224189011621,-4.608691398198516,-6.907755278982137,-7.29224189011621,-4.608691398198516,-6.907755278982137,-8.758638646052622,-4.644033037289688,-6.907755278982137,0.0,1.9967620011132508,2.5968491788439394,2.8903717578961645
10.0411603576612,4.727387818712341,0.6931471805599453,-7.315052997980559,-4.615239059810529,-6.907755278982137,-7.29224189011621,-4.608691398198516,-6.907755278982137,-7.330901122031825,-4.607120342353088,-6.907755278982137,-8.758638646052622,-4.644033037289688,-6.907755278982137,0.0,1.9967620011132508,1.7320508075688772,3.5263605246161616
8.525558107747866,4.59511985013459,1.3862943611198906,-7.180813062749617,-4.608226352077267,-6.907755278982137,-8.758638646052622,-4.644033037289688,-6.907755278982137,-8.758638646052622,-4.644033037289688,-6.907755278982137,-8.758638646052622,-4.644033037289688,-6.907755278982137,0.0,1.0,1.956887864209901,0.0
9.151757414543885,4.189654742026425,0.6931471805599453,-6.907755278982137,-4.60535853950183,-6.907755278982137,-8.758638646052622,-4.644033037289688,-6.907755278982137,-8.758638646052622,-4.644033037289688,-6.907755278982137,-8.758638646052622,-4.644033037289688,-6.907755278982137,0.0,1.0,1.956887864209901,5.680172609017068
9.18594521514146,4.31748811353631,3.6888794541139363,-6.907755278982137,-4.638210150496609,-6.907755278982137,-8.758638646052622,-4.644033037289688,-6.907755278982137,-8.758638646052622,-4.644033037289688,-6.907755278982137,-8.758638646052622,-4.644033037289688,-6.907755278982137,0.0,1.0,1.956887864209901,4.406719247264253
8.525558107747866,3.332204510175204,3.9889840465642745,-6.907755278982137,-4.663007468970848,-6.907755278982137,-7.29224189011621,-4.608691398198516,-6.907755278982137,-6.907755278982137,-4.612917827868474,-6.907755278982137,-8.758638646052622,-4.644033037289688,-6.907755278982137,0.0,1.9967620011132508,2.0,6.573680166960646
8.525558107747866,4.07753744390572,3.7612001156935624,-6.907755278982137,-4.611622694772173,-6.907755278982137,-8.758638646052622,-4.644033037289688,-6.907755278982137,-7.29224189011621,-4.608691398198516,-6.907755278982137,-8.758638646052622,-4.644033037289688,-6.907755278982137,0.0,1.0,2.5968491788439394,4.406719247264253
9.158625936289503,4.553876891600541,0.0,-6.907755278982137,-4.606144007572924,-6.907755278982137,-7.29224189011621,-4.608691398198516,-6.907755278982137,-8.758638646052622,-4.644033037289688,-6.907755278982137,-8.758638646052622,-4.644033037289688,-6.907755278982137,0.0,1.9967620011132508,1.956887864209901,4.605170185988092
5.6937321388027,1.791759469228055,4.290459441148391,-8.758638646052622,-4.644033037289688,-6.907755278982137,-8.758638646052622,-4.644033037289688,-6.907755278982137,-7.29224189011621,-4.608691398198516,-6.907755278982137,-8.758638646052622,-4.644033037289688,-6.907755278982137,0.0,1.0,2.5968491788439394,0.6931471805599453
7.118826249062078,3.58351893845611,1.791759469228055,-7.29224189011621,-4.608691398198516,-6.907755278982137,-8.758638646052622,-4.644033037289688,-6.907755278982137,-7.29224189011621,-4.608691398198516,-6.907755278982137,-8.758638646052622,-4.644033037289688,-6.907755278982137,0.0,1.0,2.5968491788439394,1.3862943611198906
8.917444732471514,4.276666119016055,3.8066624897703196,-6.907755278982137,-4.611745026608351,-6.907755278982137,-8.758638646052622,-4.644033037289688,-6.907755278982137,-8.758638646052622,-4.644033037289688,-6.907755278982137,-8.758638646052622,-4.644033037289688,-6.907755278982137,0.0,1.0,1.956887864209901,5.683579767338681
8.525558107747866,3.6635616461296463,3.258096538021482,-6.907755278982137,-4.606139346433995,-6.907755278982137,-8.758638646052622,-4.644033037289688,-6.907755278982137,-6.907755278982137,-4.612917827868474,-6.907755278982137,-8.758638646052622,-4.644033037289688,-6.907755278982137,0.0,1.0,2.0,4.68213122712422
9.430439293104167,3.828641396489095,3.7612001156935624,-7.0963139175535614,-4.619023500390949,-6.907755278982137,-8.758638646052622,-4.644033037289688,-6.907755278982137,-8.758638646052622,-4.644033037289688,-6.907755278982137,-8.758638646052622,-4.644033037289688,-6.907755278982137,0.0,1.0,1.956887864209901,6.486160788944089
7.4821189235521155,2.8903717578961645,3.784189633918261,-9.36328314904824,-4.611515280074196,-6.907755278982137,-8.758638646052622,-4.644033037289688,-6.907755278982137,-8.758638646052622,-4.644033037289688,-6.907755278982137,-8.758638646052622,-4.644033037289688,-6.907755278982137,0.0,1.0,1.956887864209901,5.817111159963204
10.241137666615815,2.4849066497880004,3.8918202981106265,-7.3295827319177835,-4.630830472125619,-6.907755278982137,-7.29224189011621,-4.608691398198516,-6.907755278982137,-8.758638646052622,-4.644033037289688,-6.907755278982137,-8.758638646052622,-4.644033037289688,-6.907755278982137,0.0,1.9967620011132508,1.956887864209901,6.173786103901937
9.202711344811691,4.23410650459726,3.9318256327243257,-6.907755278982137,-4.613373793385216,-6.907755278982137,-8.758638646052622,-4.644033037289688,-6.907755278982137,-8.758638646052622,-4.644033037289688,-6.907755278982137,-8.758638646052622,-4.644033037289688,-6.907755278982137,0.0,1.0,1.956887864209901,4.219507705176107
9.673256443720023,3.6635616461296463,4.1588830833596715,-6.907755278982137,-4.636468770587027,-6.907755278982137,-8.758638646052622,-4.644033037289688,-6.907755278982137,-7.29224189011621,-4.608691398198516,-6.907755278982137,-8.758638646052622,-4.644033037289688,-6.907755278982137,0.0,1.0,2.5968491788439394,4.406719247264253
5.802118375377063,4.143134726391533,2.70805020110221,-6.907755278982137,-4.639462131019907,-6.907755278982137,-8.758638646052622,-4.644033037289688,-6.907755278982137,-6.907755278982137,-4.612917827868474,-6.907755278982137,-8.758638646052622,-4.644033037289688,-6.907755278982137,0.0,1.0,2.0,3.871201010907891
8.525558107747866,3.1780538303479458,1.0986122886681098,-6.891700052636424,-4.618552398560989,-6.907755278982137,-8.758638646052622,-4.644033037289688,-6.907755278982137,-7.29224189011621,-4.608691398198516,-6.907755278982137,-8.758638646052622,-4.644033037289688,-6.907755278982137,0.0,1.0,2.5968491788439394,4.553876891600541
7.1180162044653335,3.58351893845611,1.791759469228055,-7.29224189011621,-4.608691398198516,-6.907755278982137,-8.758638646052622,-4.644033037289688,-6.907755278982137,-7.29224189011621,-4.608691398198516,-6.907755278982137,-8.758638646052622,-4.644033037289688,-6.907755278982137,0.0,1.0,2.5968491788439394,0.6931471805599453
5.805134968916488,3.8501476017100584,3.332204510175204,-8.534080774559982,-4.620568363599057,-6.907755278982137,-8.758638646052622,-4.644033037289688,-6.907755278982137,-7.330901122031825,-4.607120342353088,-6.907755278982137,-8.758638646052622,-4.644033037289688,-6.907755278982137,0.0,1.0,1.7320508075688772,2.3978952727983707
8.371242135931933,3.6635616461296463,1.3862943611198906,-9.111326511513862,-4.643508491634228,-6.907755278982137,-6.907755278982137,-4.612917827868474,-6.907755278982137,-8.758638646052622,-4.644033037289688,-6.907755278982137,-8.758638646052622,-4.644033037289688,-6.907755278982137,0.0,1.4142135623730951,1.956887864209901,4.962844630259907
5.6937321388027,1.791759469228055,4.290459441148391,-8.758638646052622,-4.644033037289688,-6.907755278982137,-8.758638646052622,-4.644033037289688,-6.907755278982137,-7.29224189011621,-4.608691398198516,-6.907755278982137,-8.758638646052622,-4.644033037289688,-6.907755278982137,0.0,1.0,2.5968491788439394,0.6931471805599453
9.873646710525106,3.2188758248682006,2.70805020110221,-6.907755278982137,-4.614241142772403,-6.907755278982137,-6.907755278982137,-4.612917827868474,-6.907755278982137,-8.758638646052622,-4.644033037289688,-6.907755278982137,-8.758638646052622,-4.644033037289688,-6.907755278982137,0.0,1.4142135623730951,1.956887864209901,5.293304824724492
8.45914025996762,3.6375861597263857,3.784189633918261,-8.294694392049404,-4.628437060906269,-6.907755278982137,-8.758638646052622,-4.644033037289688,-6.907755278982137,-8.758638646052622,-4.644033037289688,-6.907755278982137,-8.758638646052622,-4.644033037289688,-6.907755278982137,0.0,1.0,1.956887864209901,4.406719247264253
10.175840227862885,3.1354942159291497,4.1588830833596715,-9.354200691431423,-4.618433761202928,-6.907755278982137,-7.29224189011621,-4.608691398198516,-6.907755278982137,-6.907755278982137,-4.612917827868474,-6.907755278982137,-8.758638646052622,-4.644033037289688,-6.907755278982137,0.0,1.9967620011132508,2.0,2.995732273553991
8.103796712981794,2.9444389791664403,2.5649493574615367,-6.907755278982137,-4.6053575148545445,-6.907755278982137,-7.330901122031825,-4.607120342353088,-6.907755278982137,-8.758638646052622,-4.644033037289688,-6.907755278982137,-8.758638646052622,-4.644033037289688,-6.907755278982137,0.0,1.3828992025720797,1.956887864209901,4.927253685157205
8.525558107747866,3.6635616461296463,1.3862943611198906,-7.458191138880931,-4.608059896266696,-6.907755278982137,-8.758638646052622,-4.644033037289688,-6.907755278982137,-8.758638646052622,-4.644033037289688,-6.907755278982137,-8.758638646052622,-4.644033037289688,-6.907755278982137,0.0,1.0,1.956887864209901,5.187385805840755
7.468513271496337,3.7612001156935624,3.9512437185814275,-8.24773812500383,-4.60893966082875,-6.907755278982137,-7.29224189011621,-4.608691398198516,-6.907755278982137,-8.758638646052622,-4.644033037289688,-6.907755278982137,-8.758638646052622,-4.644033037289688,-6.907755278982137,0.0,1.9967620011132508,1.956887864209901,5.87493073085203
7.724004656676065,2.772588722239781,2.9444389791664403,-6.907755278982137,-4.6324268115473854,-6.907755278982137,-7.29224189011621,-4.608691398198516,-6.907755278982137,-8.758638646052622,-4.644033037289688,-6.907755278982137,-8.758638646052622,-4.644033037289688,-6.907755278982137,0.0,1.9967620011132508,1.956887864209901,5.4510384535657
9.043931533642278,3.970291913552122,2.6390573296152584,-6.907755278982137,-4.6136306412825725,-6.907755278982137,-8.758638646052622,-4.644033037289688,-6.907755278982137,-8.758638646052622,-4.644033037289688,-6.907755278982137,-8.758638646052622,-4.644033037289688,-6.907755278982137,0.0,1.0,1.956887864209901,4.59511985013459
8.525558107747866,3.784189633918261,0.0,-6.907755278982137,-4.628507126911812,-6.907755278982137,-6.907755278982137,-4.612917827868474,-6.907755278982137,-6.907755278982137,-4.612917827868474,-6.907755278982137,-8.758638646052622,-4.644033037289688,-6.907755278982137,0.0,1.4142135623730951,2.0,3.9318256327243257
7.640603826393634,4.418840607796598,2.302585092994046,-7.932347164757049,-4.6164397034921665,-6.907755278982137,-6.907755278982137,-4.612917827868474,-6.907755278982137,-8.758638646052622,-4.644033037289688,-6.907755278982137,-8.758638646052622,-4.644033037289688,-6.907755278982137,0.0,1.4142135623730951,1.956887864209901,4.060443010546419
8.164510268747042,4.30406509320417,4.0943445622221,-10.060751837644352,-4.6061494145213,-6.907755278982137,-8.758638646052622,-4.644033037289688,-6.907755278982137,-6.907755278982137,-4.612917827868474,-6.907755278982137,-8.758638646052622,-4.644033037289688,-6.907755278982137,0.0,1.0,2.0,6.695798917058491
8.525558107747866,4.356708826689592,4.430816798843313,-7.136530266458556,-4.621893040777944,-6.907755278982137,-8.758638646052622,-4.644033037289688,-6.907755278982137,-8.758638646052622,-4.644033037289688,-6.907755278982137,-8.758638646052622,-4.644033037289688,-6.907755278982137,0.0,1.0,1.956887864209901,4.406719247264253
9.89917828094803,3.6635616461296463,2.4849066497880004,-9.116508428099825,-4.609068396554817,-6.907755278982137,-6.907755278982137,-4.612917827868474,-6.907755278982137,-8.758638646052622,-4.644033037289688,-6.907755278982137,-8.758638646052622,-4.644033037289688,-6.907755278982137,0.0,1.4142135623730951,1.956887864209901,2.70805020110221
7.454141078146678,3.4339872044851463,2.6390573296152584,-6.907755278982137,-4.608953683524016,-6.907755278982137,-6.907755278982137,-4.612917827868474,-6.907755278982137,-6.907755278982137,-4.612917827868474,-6.907755278982137,-8.758638646052622,-4.644033037289688,-6.907755278982137,0.0,1.4142135623730951,2.0,1.3862943611198906
8.262816937670928,4.07753744390572,4.605170185988092,-7.798027053492911,-4.617541553471227,-6.907755278982137,-6.907755278982137,-4.612917827868474,-6.907755278982137,-6.907755278982137,-4.612917827868474,-6.907755278982137,-8.758638646052622,-4.644033037289688,-6.907755278982137,0.0,1.4142135623730951,2.0,4.59511985013459
8.560252680876685,3.091042453358316,4.1588830833596715,-6.907755278982137,-4.6066511760354745,-6.907755278982137,-8.758638646052622,-4.644033037289688,-6.907755278982137,-8.758638646052622,-4.644033037289688,-6.907755278982137,-8.758638646052622,-4.644033037289688,-6.907755278982137,0.0,1.0,1.956887864209901,4.406719247264253
8.525558107747866,3.6375861597263857,3.8066624897703196,-6.5709598282771005,-4.607413391427185,-6.907755278982137,-7.330901122031825,-4.607120342353088,-6.907755278982137,-8.758638646052622,-4.644033037289688,-6.907755278982137,-8.758638646052622,-4.644033037289688,-6.907755278982137,0.0,1.3828992025720797,1.956887864209901,6.302618975744905
8.31581113188354,4.51085950651685,3.091042453358316,-6.907755278982137,-4.613735277581826,-6.907755278982137,-7.330901122031825,-4.607120342353088,-6.907755278982137,-8.758638646052622,-4.644033037289688,-6.907755278982137,-8.758638646052622,-4.644033037289688,-6.907755278982137,0.0,1.3828992025720797,1.956887864209901,6.62273632394984
6.1903154058531475,2.833213344056216,2.70805020110221,-8.377492536580897,-4.605325751309451,-6.907755278982137,-6.907755278982137,-4.612917827868474,-6.907755278982137,-7.29224189011621,-4.608691398198516,-6.907755278982137,-8.758638646052622,-4.644033037289688,-6.907755278982137,0.0,1.4142135623730951,2.5968491788439394,3.5263605246161616
8.412943170042439,3.8066624897703196,4.007333185232471,-6.907755278982137,-4.618921614072858,-6.907755278982137,-6.907755278982137,-4.612917827868474,-6.907755278982137,-8.758638646052622,-4.644033037289688,-6.907755278982137,-8.758638646052622,-4.644033037289688,-6.907755278982137,0.0,1.4142135623730951,1.956887864209901,4.406719247264253
9.1557785839835,4.02535169073515,2.8903717578961645,-6.907755278982137,-4.6110041404761875,-6.907755278982137,-8.758638646052622,-4.644033037289688,-6.907755278982137,-7.29224189011621,-4.608691398198516,-6.907755278982137,-8.758638646052622,-4.644033037289688,-6.907755278982137,0.0,1.0,2.5968491788439394,3.871201010907891
8.679482094459956,3.58351893845611,2.5649493574615367,-7.706169670447662,-4.620144651947735,-6.907755278982137,-7.29224189011621,-4.608691398198516,-6.907755278982137,-8.758638646052622,-4.644033037289688,-6.907755278982137,-8.758638646052622,-4.644033037289688,-6.907755278982137,0.0,1.9967620011132508,1.956887864209901,2.995732273553991
9.95759687818316,2.5649493574615367,4.189654742026425,-7.056673175729625,-4.614484676934583,-6.907755278982137,-8.758638646052622,-4.644033037289688,-6.907755278982137,-7.330901122031825,-4.607120342353088,-6.907755278982137,-8.758638646052622,-4.644033037289688,-6.907755278982137,0.0,1.0,1.7320508075688772,5.365976015021851
8.711772645605693,3.871201010907891,2.5649493574615367,-7.421293807428289,-4.653353227424829,-6.907755278982137,-7.29224189011621,-4.608691398198516,-6.907755278982137,-8.758638646052622,-4.644033037289688,-6.907755278982137,-8.758638646052622,-4.644033037289688,-6.907755278982137,0.0,1.9967620011132508,1.956887864209901,4.060443010546419
8.68270762989381,4.3694478524670215,3.970291913552122,-7.82806351192268,-4.618921614072858,-6.907755278982137,-8.758638646052622,-4.644033037289688,-6.907755278982137,-7.29224189011621,-4.608691398198516,-6.907755278982137,-8.758638646052622,-4.644033037289688,-6.907755278982137,0.0,1.0,2.5968491788439394,3.828641396489095
9.616538544660177,3.2188758248682006,2.8903717578961645,-6.907755278982137,-4.647606952414104,-6.907755278982137,-8.758638646052622,-4.644033037289688,-6.907755278982137,-6.907755278982137,-4.612917827868474,-6.907755278982137,-8.758638646052622,-4.644033037289688,-6.907755278982137,0.0,1.0,2.0,2.3978952727983707
8.365206834418355,3.6635616461296463,-6.907755278982137,-6.907755278982137,-4.611495598003372,-6.907755278982137,-8.758638646052622,-4.644033037289688,-6.907755278982137,-8.758638646052622,-4.644033037289688,-6.907755278982137,-8.758638646052622,-4.644033037289688,-6.907755278982137,0.0,1.0,1.956887864209901,5.236441962829949
10.200996185805645,3.9512437185814275,2.9444389791664403,-6.907755278982137,-4.617302081515172,-6.907755278982137,-8.758638646052622,-4.644033037289688,-6.907755278982137,-7.29224189011621,-4.608691398198516,-6.907755278982137,-8.758638646052622,-4.644033037289688,-6.907755278982137,0.0,1.0,2.5968491788439394,4.060443010546419
9.078635880978755,3.6375861597263857,2.6390573296152584,-6.907755278982137,-4.618448295174434,-6.907755278982137,-8.758638646052622,-4.644033037289688,-6.907755278982137,-8.758638646052622,-4.644033037289688,-6.907755278982137,-8.758638646052622,-4.644033037289688,-6.907755278982137,0.0,1.0,1.956887864209901,3.7376696182833684
9.412627941411015,3.8918202981106265,3.8918202981106265,-7.330901122031825,-4.607120342353088,-6.907755278982137,-8.758638646052622,-4.644033037289688,-6.907755278982137,-7.330901122031825,-4.607120342353088,-6.907755278982137,-8.758638646052622,-4.644033037289688,-6.907755278982137,1.0,1.0,1.7320508075688772,4.110873864173311
7.927685045615778,3.1780538303479458,4.430816798843313,-6.98070723213343,-4.633656235987306,-6.907755278982137,-7.29224189011621,-4.608691398198516,-6.907755278982137,-8.758638646052622,-4.644033037289688,-6.907755278982137,-8.758638646052622,-4.644033037289688,-6.907755278982137,0.0,1.9967620011132508,1.956887864209901,4.406719247264253
5.780743515792329,4.276666119016055,3.6375861597263857,-6.923765252248224,-4.625014006530177,-6.907755278982137,-6.907755278982137,-4.612917827868474,-6.907755278982137,-8.758638646052622,-4.644033037289688,-6.907755278982137,-8.758638646052622,-4.644033037289688,-6.907755278982137,0.0,1.4142135623730951,1.956887864209901,3.044522437723423
9.229063985974285,3.9512437185814275,2.8903717578961645,-6.907755278982137,-4.606946886565194,-6.907755278982137,-8.758638646052622,-4.644033037289688,-6.907755278982137,-6.907755278982137,-4.612917827868474,-6.907755278982137,-8.758638646052622,-4.644033037289688,-6.907755278982137,0.0,1.0,2.0,3.9318256327243257
8.588210678651517,3.5263605246161616,3.8066624897703196,-9.975704498695878,-4.618820021371129,-6.907755278982137,-7.29224189011621,-4.608691398198516,-6.907755278982137,-7.29224189011621,-4.608691398198516,-6.907755278982137,-8.758638646052622,-4.644033037289688,-6.907755278982137,0.0,1.9967620011132508,2.5968491788439394,4.406719247264253
8.525558107747866,3.970291913552122,2.772588722239781,-6.907755278982137,-4.6239627324235135,-6.907755278982137,-7.29224189011621,-4.608691398198516,-6.907755278982137,-8.758638646052622,-4.644033037289688,-6.907755278982137,-8.758638646052622,-4.644033037289688,-6.907755278982137,0.0,1.9967620011132508,1.956887864209901,4.454347296253507
8.907747686788648,3.784189633918261,3.6109179126442243,-7.62435699846274,-4.6190231226653164,-6.907755278982137,-8.758638646052622,-4.644033037289688,-6.907755278982137,-8.758638646052622,-4.644033037289688,-6.907755278982137,-8.758638646052622,-4.644033037289688,-6.907755278982137,0.0,1.0,1.956887864209901,4.406719247264253
8.728264161496178,3.912023005428146,3.5263605246161616,-6.907755278982137,-4.6140826095623,-6.907755278982137,-8.758638646052622,-4.644033037289688,-6.907755278982137,-8.758638646052622,-4.644033037289688,-6.907755278982137,-8.758638646052622,-4.644033037289688,-6.907755278982137,0.0,1.0,1.956887864209901,4.406719247264253
8.525558107747866,3.1780538303479458,0.0,-6.907755278982137,-4.619273491620836,-6.907755278982137,-8.758638646052622,-4.644033037289688,-6.907755278982137,-6.907755278982137,-4.612917827868474,-6.907755278982137,-8.758638646052622,-4.644033037289688,-6.907755278982137,0.0,1.0,2.0,4.343805421853684
8.525558107747866,3.6635616461296463,1.0986122886681098,-6.907755278982137,-4.61713043238085,-6.907755278982137,-8.758638646052622,-4.644033037289688,-6.907755278982137,-6.907755278982137,-4.612917827868474,-6.907755278982137,-8.758638646052622,-4.644033037289688,-6.907755278982137,0.0,1.0,2.0,3.4339872044851463
9.061724347647399,4.442651256490317,2.8903717578961645,-6.907755278982137,-4.610118721210831,-6.907755278982137,-8.758638646052622,-4.644033037289688,-6.907755278982137,-8.758638646052622,-4.644033037289688,-6.907755278982137,-8.758638646052622,-4.644033037289688,-6.907755278982137,0.0,1.0,1.956887864209901,4.406719247264253
9.458527693729824,2.833213344056216,1.0986122886681098,-9.541899308062,-4.62392856936761,-6.907755278982137,-8.758638646052622,-4.644033037289688,-6.907755278982137,-8.758638646052622,-4.644033037289688,-6.907755278982137,-8.758638646052622,-4.644033037289688,-6.907755278982137,0.0,1.0,1.956887864209901,2.5649493574615367
8.86403999703599,3.8066624897703196,1.3862943611198906,-6.907755278982137,-4.629143188516224,-6.907755278982137,-8.758638646052622,-4.644033037289688,-6.907755278982137,-8.758638646052622,-4.644033037289688,-6.907755278982137,-8.758638646052622,-4.644033037289688,-6.907755278982137,0.0,1.0,1.956887864209901,4.6913478822291435
9.446202695698167,3.1780538303479458,4.59511985013459,-9.954351089480564,-4.618921614072858,-6.907755278982137,-8.758638646052622,-4.644033037289688,-6.907755278982137,-7.29224189011621,-4.608691398198516,-6.907755278982137,-8.758638646052622,-4.644033037289688,-6.907755278982137,0.0,1.0,2.5968491788439394,3.5263605246161616
8.525558107747866,2.0794415416798357,3.8066624897703196,-7.433531029573513,-4.617993500870433,-6.907755278982137,-8.758638646052622,-4.644033037289688,-6.907755278982137,-6.907755278982137,-4.607259856600169,-6.907755278982137,-8.758638646052622,-4.644033037289688,-6.907755278982137,0.0,1.0,1.0,5.1298987149230735
5.272999558563747,2.1972245773362196,4.007333185232471,-7.02621242259885,-4.610517980456845,-6.907755278982137,-6.907755278982137,-4.612917827868474,-6.907755278982137,-7.29224189011621,-4.608691398198516,-6.907755278982137,-8.758638646052622,-4.644033037289688,-6.907755278982137,0.0,1.4142135623730951,2.5968491788439394,2.5649493574615367
8.722580021141189,2.5649493574615367,1.0986122886681098,-6.907755278982137,-4.644502060531496,-6.907755278982137,-7.29224189011621,-4.608691398198516,-6.907755278982137,-7.29224189011621,-4.608691398198516,-6.907755278982137,-8.758638646052622,-4.644033037289688,-6.907755278982137,0.0,1.9967620011132508,2.5968491788439394,4.51085950651685
8.932872621931374,4.204692619390966,2.5649493574615367,-6.907755278982137,-4.639655587068467,-6.907755278982137,-8.758638646052622,-4.644033037289688,-6.907755278982137,-8.758638646052622,-4.644033037289688,-6.907755278982137,-8.758638646052622,-4.644033037289688,-6.907755278982137,0.0,1.0,1.956887864209901,1.791759469228055
8.525558107747866,2.4849066497880004,2.3978952727983707,-6.769695742385922,-4.608887217691332,-6.907755278982137,-8.758638646052622,-4.644033037289688,-6.907755278982137,-8.758638646052622,-4.644033037289688,-6.907755278982137,-8.758638646052622,-4.644033037289688,-6.907755278982137,0.0,1.0,1.956887864209901,5.407171771460119
8.525558107747866,4.07753744390572,2.995732273553991,-8.521116020955498,-4.605975847428141,-6.907755278982137,-8.758638646052622,-4.644033037289688,-6.907755278982137,-7.29224189011621,-4.608691398198516,-6.907755278982137,-8.758638646052622,-4.644033037289688,-6.907755278982137,0.0,1.0,2.5968491788439394,5.209486152841421
7.8724551500639794,4.406719247264253,3.7612001156935624,-6.907755278982137,-4.621665779907717,-6.907755278982137,-6.907755278982137,-4.612917827868474,-6.907755278982137,-8.758638646052622,-4.644033037289688,-6.907755278982137,-8.758638646052622,-4.644033037289688,-6.907755278982137,0.0,1.4142135623730951,1.956887864209901,3.4965075614664802
5.6937321388027,1.791759469228055,4.290459441148391,-8.758638646052622,-4.644033037289688,-6.907755278982137,-8.758638646052622,-4.644033037289688,-6.907755278982137,-7.29224189011621,-4.608691398198516,-6.907755278982137,-8.758638646052622,-4.644033037289688,-6.907755278982137,0.0,1.0,2.5968491788439394,0.6931471805599453
9.022925868116218,4.04305126783455,3.970291913552122,-6.907755278982137,-4.6246243023333315,-6.907755278982137,-8.758638646052622,-4.644033037289688,-6.907755278982137,-7.29224189011621,-4.608691398198516,-6.907755278982137,-8.758638646052622,-4.644033037289688,-6.907755278982137,0.0,1.0,2.5968491788439394,6.717804695023691
9.968338524855744,2.9444389791664403,3.8501476017100584,-6.907755278982137,-4.63061244398766,-6.907755278982137,-7.29224189011621,-4.608691398198516,-6.907755278982137,-8.758638646052622,-4.644033037289688,-6.907755278982137,-8.758638646052622,-4.644033037289688,-6.907755278982137,0.0,1.9967620011132508,1.956887864209901,2.9444389791664403
8.752265313595721,4.406719247264253,-6.907755278982137,-6.983105607135594,-4.6624222847488745,-6.907755278982137,-7.29224189011621,-4.608691398198516,-6.907755278982137,-7.29224189011621,-4.608691398198516,-6.907755278982137,-8.758638646052622,-4.644033037289688,-6.907755278982137,0.0,1.9967620011132508,2.5968491788439394,5.971261839790462
7.994632311431825,4.736198448394496,0.0,-6.907755278982137,-4.618791226060703,-6.907755278982137,-6.907755278982137,-4.612917827868474,-6.907755278982137,-7.29224189011621,-4.608691398198516,-6.907755278982137,-8.758638646052622,-4.644033037289688,-6.907755278982137,0.0,1.4142135623730951,2.5968491788439394,3.258096538021482
7.57095858316901,3.912023005428146,2.6390573296152584,-8.439810636122063,-4.613849225251037,-6.907755278982137,-7.330901122031825,-4.607120342353088,-6.907755278982137,-8.758638646052622,-4.644033037289688,-6.907755278982137,-8.758638646052622,-4.644033037289688,-6.907755278982137,0.0,1.3828992025720797,1.956887864209901,3.044522437723423
6.093569770045136,1.9459101490553132,3.8501476017100584,-6.907755278982137,-4.619532331915742,-6.907755278982137,-7.330901122031825,-4.607120342353088,-6.907755278982137,-8.758638646052622,-4.644033037289688,-6.907755278982137,-8.758638646052622,-4.644033037289688,-6.907755278982137,0.0,1.3828992025720797,1.956887864209901,2.8903717578961645
6.513230110912307,3.4965075614664802,0.6931471805599453,-7.096660066752664,-4.607822964041979,-6.907755278982137,-7.29224189011621,-4.608691398198516,-6.907755278982137,-7.29224189011621,-4.608691398198516,-6.907755278982137,-8.758638646052622,-4.644033037289688,-6.907755278982137,0.0,1.9967620011132508,2.5968491788439394,-6.907755278982137
8.525558107747866,3.6375861597263857,2.772588722239781,-6.907755278982137,-4.61187393649822,-6.907755278982137,-8.758638646052622,-4.644033037289688,-6.907755278982137,-7.29224189011621,-4.608691398198516,-6.907755278982137,-8.758638646052622,-4.644033037289688,-6.907755278982137,0.0,1.0,2.5968491788439394,6.280395838960195
7.252762418053187,3.8066624897703196,3.784189633918261,-6.907755278982137,-4.613817472658218,-6.907755278982137,-7.29224189011621,-4.608691398198516,-6.907755278982137,-7.29224189011621,-4.608691398198516,-6.907755278982137,-8.758638646052622,-4.644033037289688,-6.907755278982137,0.0,1.9967620011132508,2.5968491788439394,5.648974238161206
9.199077179697472,3.6635616461296463,1.3862943611198906,-7.497633399378268,-4.6203002725461655,-6.907755278982137,-8.758638646052622,-4.644033037289688,-6.907755278982137,-8.758638646052622,-4.644033037289688,-6.907755278982137,-8.758638646052622,-4.644033037289688,-6.907755278982137,0.0,1.0,1.956887864209901,6.744059186311348
8.764990330169104,3.258096538021482,3.912023005428146,-6.907755278982137,-4.662166201753314,-6.907755278982137,-8.758638646052622,-4.644033037289688,-6.907755278982137,-7.29224189011621,-4.608691398198516,-6.907755278982137,-8.758638646052622,-4.644033037289688,-6.907755278982137,0.0,1.0,2.5968491788439394,6.419994928147142
8.381831553485561,3.367295829986474,4.248495242049359,-6.907755278982137,-4.621590321782421,-6.907755278982137,-7.330901122031825,-4.607120342353088,-6.907755278982137,-7.29224189011621,-4.608691398198516,-6.907755278982137,-8.758638646052622,-4.644033037289688,-6.907755278982137,0.0,1.3828992025720797,2.5968491788439394,6.641182169740591
10.436143158888768,2.995732273553991,-6.907755278982137,-6.907755278982137,-4.635964216088233,-6.907755278982137,-7.330901122031825,-4.607120342353088,-6.907755278982137,-6.907755278982137,-4.612917827868474,-6.907755278982137,-8.758638646052622,-4.644033037289688,-6.907755278982137,0.0,1.3828992025720797,2.0,1.6094379124341003
8.525558107747866,3.6109179126442243,2.4849066497880004,-6.907755278982137,-4.619559542378469,-6.907755278982137,-8.758638646052622,-4.644033037289688,-6.907755278982137,-7.29224189011621,-4.608691398198516,-6.907755278982137,-8.758638646052622,-4.644033037289688,-6.907755278982137,0.0,1.0,2.5968491788439394,6.447305862541213
5.6937321388027,1.791759469228055,4.290459441148391,-8.758638646052622,-4.644033037289688,-6.907755278982137,-8.758638646052622,-4.644033037289688,-6.907755278982137,-7.29224189011621,-4.608691398198516,-6.907755278982137,-8.758638646052622,-4.644033037289688,-6.907755278982137,0.0,1.0,2.5968491788439394,0.6931471805599453
8.064950891749143,3.7612001156935624,4.143134726391533,-6.907755278982137,-4.617364583821909,-6.907755278982137,-7.29224189011621,-4.608691398198516,-6.907755278982137,-8.758638646052622,-4.644033037289688,-6.907755278982137,-8.758638646052622,-4.644033037289688,-6.907755278982137,0.0,1.9967620011132508,1.956887864209901,4.356708826689592
8.543250725735527,4.727387818712341,0.6931471805599453,-6.907755278982137,-4.607598411210454,-6.907755278982137,-8.758638646052622,-4.644033037289688,-6.907755278982137,-7.29224189011621,-4.608691398198516,-6.907755278982137,-8.758638646052622,-4.644033037289688,-6.907755278982137,1.0,1.0,2.5968491788439394,1.0986122886681098
8.525558107747866,4.248495242049359,3.5553480614894135,-6.907755278982137,-4.607071073744637,-6.907755278982137,-8.758638646052622,-4.644033037289688,-6.907755278982137,-7.29224189011621,-4.608691398198516,-6.907755278982137,-8.758638646052622,-4.644033037289688,-6.907755278982137,0.0,1.0,2.5968491788439394,5.552959584921617
9.084323531392696,2.8903717578961645,3.784189633918261,-6.907755278982137,-4.606950245294251,-6.907755278982137,-8.758638646052622,-4.644033037289688,-6.907755278982137,-7.29224189011621,-4.608691398198516,-6.907755278982137,-8.758638646052622,-4.644033037289688,-6.907755278982137,0.0,1.0,2.5968491788439394,5.541263545158426
5.6937321388027,1.791759469228055,4.290459441148391,-8.758638646052622,-4.644033037289688,-6.907755278982137,-8.758638646052622,-4.644033037289688,-6.907755278982137,-7.29224189011621,-4.608691398198516,-6.907755278982137,-8.758638646052622,-4.644033037289688,-6.907755278982137,0.0,1.0,2.5968491788439394,0.6931471805599453
9.17771386914909,4.382026634673881,2.5649493574615367,-6.907755278982137,-4.617613594838845,-6.907755278982137,-8.758638646052622,-4.644033037289688,-6.907755278982137,-7.29224189011621,-4.608691398198516,-6.907755278982137,-8.758638646052622,-4.644033037289688,-6.907755278982137,0.0,1.0,2.5968491788439394,4.07753744390572
7.720461694599722,4.07753744390572,3.091042453358316,-6.907755278982137,-4.6389454678009425,-6.907755278982137,-8.758638646052622,-4.644033037289688,-6.907755278982137,-6.907755278982137,-4.607259856600169,-6.907755278982137,-8.758638646052622,-4.644033037289688,-6.907755278982137,0.0,1.0,1.0,3.8918202981106265
9.323222529032856,3.044522437723423,1.0986122886681098,-6.907755278982137,-4.657556207600951,-6.907755278982137,-7.29224189011621,-4.608691398198516,-6.907755278982137,-7.29224189011621,-4.608691398198516,-6.907755278982137,-8.758638646052622,-4.644033037289688,-6.907755278982137,0.0,1.9967620011132508,2.5968491788439394,1.6094379124341003
5.6937321388027,1.791759469228055,4.290459441148391,-8.758638646052622,-4.644033037289688,-6.907755278982137,-8.758638646052622,-4.644033037289688,-6.907755278982137,-7.29224189011621,-4.608691398198516,-6.907755278982137,-8.758638646052622,-4.644033037289688,-6.907755278982137,0.0,1.0,2.5968491788439394,0.6931471805599453
5.6937321388027,1.791759469228055,4.290459441148391,-8.758638646052622,-4.644033037289688,-6.907755278982137,-8.758638646052622,-4.644033037289688,-6.907755278982137,-7.29224189011621,-4.608691398198516,-6.907755278982137,-8.758638646052622,-4.644033037289688,-6.907755278982137,0.0,1.0,2.5968491788439394,0.6931471805599453
8.525558107747866,4.7535901911063645,1.0986122886681098,-7.80229847625569,-4.640498285074963,-6.907755278982137,-7.29224189011621,-4.608691398198516,-6.907755278982137,-7.29224189011621,-4.608691398198516,-6.907755278982137,-8.758638646052622,-4.644033037289688,-6.907755278982137,0.0,1.9967620011132508,2.5968491788439394,5.375278407684165
7.840312983320164,3.332204510175204,2.9444389791664403,-6.907755278982137,-4.6111798942998705,-6.907755278982137,-8.758638646052622,-4.644033037289688,-6.907755278982137,-7.29224189011621,-4.608691398198516,-6.907755278982137,-8.758638646052622,-4.644033037289688,-6.907755278982137,0.0,1.0,2.5968491788439394,4.430816798843313
8.94819608331224,3.58351893845611,2.9444389791664403,-6.907755278982137,-4.632296564653736,-6.907755278982137,-8.758638646052622,-4.644033037289688,-6.907755278982137,-8.758638646052622,-4.644033037289688,-6.907755278982137,-8.758638646052622,-4.644033037289688,-6.907755278982137,0.0,1.0,1.956887864209901,6.483107351457199
7.00397413672268,2.833213344056216,2.70805020110221,-6.907755278982137,-4.616876359030505,-6.907755278982137,-7.29224189011621,-4.608691398198516,-6.907755278982137,-7.29224189011621,-4.608691398198516,-6.907755278982137,-8.758638646052622,-4.644033037289688,-6.907755278982137,0.0,1.9967620011132508,2.5968491788439394,3.4339872044851463
7.870165946469845,3.5263605246161616,4.248495242049359,-6.907755278982137,-4.634466751003941,-6.907755278982137,-6.907755278982137,-4.612917827868474,-6.907755278982137,-7.29224189011621,-4.608691398198516,-6.907755278982137,-8.758638646052622,-4.644033037289688,-6.907755278982137,0.0,1.4142135623730951,2.5968491788439394,4.343805421853684
6.994849985833071,4.454347296253507,3.8918202981106265,-10.725540055888775,-4.613455958753536,-6.907755278982137,-8.758638646052622,-4.644033037289688,-6.907755278982137,-7.29224189011621,-4.608691398198516,-6.907755278982137,-8.758638646052622,-4.644033037289688,-6.907755278982137,0.0,1.0,2.5968491788439394,4.406719247264253
7.077498053569231,3.4965075614664802,3.6635616461296463,-6.907755278982137,-4.628408845234826,-6.907755278982137,-7.330901122031825,-4.607120342353088,-6.907755278982137,-8.758638646052622,-4.644033037289688,-6.907755278982137,-8.758638646052622,-4.644033037289688,-6.907755278982137,0.0,1.3828992025720797,1.956887864209901,6.263398262591624
8.919586920999915,4.6443908991413725,-6.907755278982137,-6.907755278982137,-4.634015446506261,-6.907755278982137,-6.907755278982137,-4.612917827868474,-6.907755278982137,-7.29224189011621,-4.608691398198516,-6.907755278982137,-8.758638646052622,-4.644033037289688,-6.907755278982137,0.0,1.4142135623730951,2.5968491788439394,3.4011973816621555
9.366146823114383,3.6375861597263857,4.060443010546419,-7.151515940270575,-4.611676031487573,-6.907755278982137,-6.907755278982137,-4.612917827868474,-6.907755278982137,-7.29224189011621,-4.608691398198516,-6.907755278982137,-8.758638646052622,-4.644033037289688,-6.907755278982137,0.0,1.4142135623730951,2.5968491788439394,3.9318256327243257
8.525558107747866,4.02535169073515,2.5649493574615367,-7.716745515834399,-4.6233178170342075,-6.907755278982137,-8.758638646052622,-4.644033037289688,-6.907755278982137,-8.758638646052622,-4.644033037289688,-6.907755278982137,-8.758638646052622,-4.644033037289688,-6.907755278982137,0.0,1.0,1.956887864209901,6.309918278226516
10.162808729968926,3.970291913552122,3.58351893845611,-10.272213092494306,-4.608163110551085,-6.907755278982137,-8.758638646052622,-4.644033037289688,-6.907755278982137,-6.907755278982137,-4.607259856600169,-6.907755278982137,-8.758638646052622,-4.644033037289688,-6.907755278982137,0.0,1.0,1.0,5.69035945432406
8.30671904320269,3.2188758248682006,4.04305126783455,-7.077404312720703,-4.635247114736771,-6.907755278982137,-7.330901122031825,-4.607120342353088,-6.907755278982137,-8.758638646052622,-4.644033037289688,-6.907755278982137,-8.758638646052622,-4.644033037289688,-6.907755278982137,0.0,1.3828992025720797,1.956887864209901,5.43372200355424
9.617337639062423,3.713572066704308,0.6931471805599453,-8.35245169104814,-4.638600949199671,-6.907755278982137,-8.758638646052622,-4.644033037289688,-6.907755278982137,-7.29224189011621,-4.608691398198516,-6.907755278982137,-8.758638646052622,-4.644033037289688,-6.907755278982137,0.0,1.0,2.5968491788439394,1.3862943611198906
8.297294370266917,3.970291913552122,3.8501476017100584,-7.627886660218311,-4.623889852648444,-6.907755278982137,-8.758638646052622,-4.644033037289688,-6.907755278982137,-7.29224189011621,-4.608691398198516,-6.907755278982137,-8.758638646052622,-4.644033037289688,-6.907755278982137,0.0,1.0,2.5968491788439394,4.406719247264253
8.930494185292178,4.276666119016055,4.574710978503383,-9.45555310951617,-4.652861768732348,-6.907755278982137,-6.907755278982137,-4.612917827868474,-6.907755278982137,-7.29224189011621,-4.608691398198516,-6.907755278982137,-8.758638646052622,-4.644033037289688,-6.907755278982137,0.0,1.4142135623730951,2.5968491788439394,4.663439094112067
7.594381242551817,3.091042453358316,2.6390573296152584,-6.907755278982137,-4.6084223608241075,-6.907755278982137,-7.330901122031825,-4.607120342353088,-6.907755278982137,-8.758638646052622,-4.644033037289688,-6.907755278982137,-8.758638646052622,-4.644033037289688,-6.907755278982137,0.0,1.3828992025720797,1.956887864209901,3.912023005428146
8.525558107747866,4.07753744390572,3.1354942159291497,-8.92872164449181,-4.624452341296752,-6.907755278982137,-7.29224189011621,-4.608691398198516,-6.907755278982137,-6.907755278982137,-4.612917827868474,-6.907755278982137,-8.758638646052622,-4.644033037289688,-6.907755278982137,0.0,1.9967620011132508,2.0,2.1972245773362196
6.580639137284949,4.709530201312334,3.8066624897703196,-6.907755278982137,-4.608056627210023,-6.907755278982137,-7.29224189011621,-4.608691398198516,-6.907755278982137,-6.907755278982137,-4.612917827868474,-6.907755278982137,-8.758638646052622,-4.644033037289688,-6.907755278982137,0.0,1.9967620011132508,2.0,1.9459101490553132
9.993648132244084,4.867534450455582,2.0794415416798357,-8.27806842301186,-4.618921614072858,-6.907755278982137,-7.29224189011621,-4.608691398198516,-6.907755278982137,-6.907755278982137,-4.612917827868474,-6.907755278982137,-8.758638646052622,-4.644033037289688,-6.907755278982137,1.0,1.9967620011132508,2.0,4.127134385045092
8.525558107747866,4.30406509320417,4.406719247264253,-6.907755278982137,-4.625027686453227,-6.907755278982137,-8.758638646052622,-4.644033037289688,-6.907755278982137,-7.29224189011621,-4.608691398198516,-6.907755278982137,-8.758638646052622,-4.644033037289688,-6.907755278982137,1.0,1.0,2.5968491788439394,4.406719247264253
7.298445101508147,2.5649493574615367,3.7376696182833684,-7.125652053879623,-4.636666550075652,-6.907755278982137,-8.758638646052622,-4.644033037289688,-6.907755278982137,-7.29224189011621,-4.608691398198516,-6.907755278982137,-8.758638646052622,-4.644033037289688,-6.907755278982137,0.0,1.0,2.5968491788439394,5.429345628954441
8.525558107747866,3.8918202981106265,2.6390573296152584,-6.907755278982137,-4.646981084910792,-6.907755278982137,-8.758638646052622,-4.644033037289688,-6.907755278982137,-7.29224189011621,-4.608691398198516,-6.907755278982137,-8.758638646052622,-4.644033037289688,-6.907755278982137,0.0,1.0,2.5968491788439394,4.624972813284271
